"","Peptide.Sequence","Protein.Name","SITE","BOTH","cv"
"117","APGLPAQIK","Arachidonate","WB","WB-Bare",0.554316698635807
"118","GLGLGGVPGQNGK","Arachidonate","WB","WB-Bare",0.352594402903747
"119","MDVEGTLPEDLK","Arachidonate","WB","WB-Bare",0.547393078692594
"146","APGLPAQIK","Arachidonate","WB","WB-Eel",0.558594973857382
"147","GLGLGGVPGQNGK","Arachidonate","WB","WB-Eel",0.462167848886538
"148","MDVEGTLPEDLK","Arachidonate","WB","WB-Eel",0.63441385387744
"1","APGLPAQIK","Arachidonate","CI","CI-Bare",0.801724074274468
"2","GLGLGGVPGQNGK","Arachidonate","CI","CI-Bare",0.656099067856053
"3","MDVEGTLPEDLK","Arachidonate","CI","CI-Bare",0.844118939084025
"30","APGLPAQIK","Arachidonate","CI","CI-Eel",0.951994093317467
"31","GLGLGGVPGQNGK","Arachidonate","CI","CI-Eel",0.68033254223588
"32","MDVEGTLPEDLK","Arachidonate","CI","CI-Eel",0.802947677029993
"59","APGLPAQIK","Arachidonate","PG","PG-Bare",0.482881320637716
"60","GLGLGGVPGQNGK","Arachidonate","PG","PG-Bare",0.386613861641811
"61","MDVEGTLPEDLK","Arachidonate","PG","PG-Bare",0.550188830509143
"88","APGLPAQIK","Arachidonate","PG","PG-Eel",0.737652297197377
"89","GLGLGGVPGQNGK","Arachidonate","PG","PG-Eel",0.527150073183522
"90","MDVEGTLPEDLK","Arachidonate","PG","PG-Eel",0.750931401508472
"175","APGLPAQIK","Arachidonate","FB","FB-Eel",0.470100950962337
"176","GLGLGGVPGQNGK","Arachidonate","FB","FB-Eel",0.340099803662975
"177","MDVEGTLPEDLK","Arachidonate","FB","FB-Eel",0.378395520102722
"204","APGLPAQIK","Arachidonate","FB","FB-Bare",0.546685244614904
"205","GLGLGGVPGQNGK","Arachidonate","FB","FB-Bare",0.402696962001997
"206","MDVEGTLPEDLK","Arachidonate","FB","FB-Bare",0.516013861608914
"120","AGELGGSDPDYAMR","Catalase","WB","WB-Bare",0.572149211492186
"121","LTANIAGHLIGAQEFIQK","Catalase","WB","WB-Bare",0.350757418829153
"122","LYSYSDTHR","Catalase","WB","WB-Bare",1.02045142759968
"149","AGELGGSDPDYAMR","Catalase","WB","WB-Eel",0.56757808908275
"150","LTANIAGHLIGAQEFIQK","Catalase","WB","WB-Eel",0.416394781220183
"151","LYSYSDTHR","Catalase","WB","WB-Eel",0.503762581595791
"4","AGELGGSDPDYAMR","Catalase","CI","CI-Bare",0.532631232025257
"5","LTANIAGHLIGAQEFIQK","Catalase","CI","CI-Bare",0.567916559041304
"6","LYSYSDTHR","Catalase","CI","CI-Bare",0.6432512479259
"33","AGELGGSDPDYAMR","Catalase","CI","CI-Eel",0.831541020094133
"34","LTANIAGHLIGAQEFIQK","Catalase","CI","CI-Eel",0.653741067100928
"35","LYSYSDTHR","Catalase","CI","CI-Eel",0.786798053418804
"62","AGELGGSDPDYAMR","Catalase","PG","PG-Bare",0.612807892585117
"63","LTANIAGHLIGAQEFIQK","Catalase","PG","PG-Bare",0.361540334091111
"64","LYSYSDTHR","Catalase","PG","PG-Bare",0.774762341360102
"91","AGELGGSDPDYAMR","Catalase","PG","PG-Eel",0.763578669451838
"92","LTANIAGHLIGAQEFIQK","Catalase","PG","PG-Eel",0.498908705858075
"93","LYSYSDTHR","Catalase","PG","PG-Eel",0.702120942097589
"178","AGELGGSDPDYAMR","Catalase","FB","FB-Eel",0.585940982179018
"179","LTANIAGHLIGAQEFIQK","Catalase","FB","FB-Eel",0.325534109945427
"180","LYSYSDTHR","Catalase","FB","FB-Eel",0.825825364338648
"207","AGELGGSDPDYAMR","Catalase","FB","FB-Bare",0.549157623310663
"208","LTANIAGHLIGAQEFIQK","Catalase","FB","FB-Bare",0.355504439337403
"209","LYSYSDTHR","Catalase","FB","FB-Bare",0.87914686418779
"123","IITRPFNVNGLLAYDSR","Cytochrome","WB","WB-Bare",0.494876241323257
"124","QSLLPFGATGPR","Cytochrome","WB","WB-Bare",0.691793189711632
"125","WLDESGVFLPEEHPSR","Cytochrome","WB","WB-Bare",0.560238905029398
"152","IITRPFNVNGLLAYDSR","Cytochrome","WB","WB-Eel",0.437941519933271
"153","QSLLPFGATGPR","Cytochrome","WB","WB-Eel",0.586444288390779
"154","WLDESGVFLPEEHPSR","Cytochrome","WB","WB-Eel",0.580566488325929
"7","IITRPFNVNGLLAYDSR","Cytochrome","CI","CI-Bare",0.600752499857884
"8","QSLLPFGATGPR","Cytochrome","CI","CI-Bare",0.759246181593113
"9","WLDESGVFLPEEHPSR","Cytochrome","CI","CI-Bare",0.661748941644705
"36","IITRPFNVNGLLAYDSR","Cytochrome","CI","CI-Eel",0.931213674199692
"37","QSLLPFGATGPR","Cytochrome","CI","CI-Eel",0.867037889059093
"38","WLDESGVFLPEEHPSR","Cytochrome","CI","CI-Eel",0.866763560291225
"65","IITRPFNVNGLLAYDSR","Cytochrome","PG","PG-Bare",0.203955903691473
"66","QSLLPFGATGPR","Cytochrome","PG","PG-Bare",0.340547269105112
"67","WLDESGVFLPEEHPSR","Cytochrome","PG","PG-Bare",0.276298485325787
"94","IITRPFNVNGLLAYDSR","Cytochrome","PG","PG-Eel",0.474500060838191
"95","QSLLPFGATGPR","Cytochrome","PG","PG-Eel",0.608440238122933
"96","WLDESGVFLPEEHPSR","Cytochrome","PG","PG-Eel",0.503900016743652
"181","IITRPFNVNGLLAYDSR","Cytochrome","FB","FB-Eel",0.462963815569358
"182","QSLLPFGATGPR","Cytochrome","FB","FB-Eel",0.517188796029453
"183","WLDESGVFLPEEHPSR","Cytochrome","FB","FB-Eel",0.501976664057288
"210","IITRPFNVNGLLAYDSR","Cytochrome","FB","FB-Bare",0.361721034590072
"211","QSLLPFGATGPR","Cytochrome","FB","FB-Bare",0.421517247522424
"212","WLDESGVFLPEEHPSR","Cytochrome","FB","FB-Bare",0.34388718781295
"126","APNSFNLR","Glycogen","WB","WB-Bare",0.455901556321293
"127","TSFDAFPDK","Glycogen","WB","WB-Bare",0.53795750225414
"128","VLYPNDNFFEGK","Glycogen","WB","WB-Bare",0.487592473183302
"155","APNSFNLR","Glycogen","WB","WB-Eel",0.481113766915106
"156","TSFDAFPDK","Glycogen","WB","WB-Eel",0.526638699014945
"157","VLYPNDNFFEGK","Glycogen","WB","WB-Eel",0.484016705537172
"10","APNSFNLR","Glycogen","CI","CI-Bare",0.38260000943361
"11","TSFDAFPDK","Glycogen","CI","CI-Bare",0.595997928209943
"12","VLYPNDNFFEGK","Glycogen","CI","CI-Bare",0.482434685464687
"39","APNSFNLR","Glycogen","CI","CI-Eel",0.852094183247622
"40","TSFDAFPDK","Glycogen","CI","CI-Eel",0.704665530543078
"41","VLYPNDNFFEGK","Glycogen","CI","CI-Eel",0.695540349752081
"68","APNSFNLR","Glycogen","PG","PG-Bare",0.343013336669995
"69","TSFDAFPDK","Glycogen","PG","PG-Bare",0.346132479764994
"70","VLYPNDNFFEGK","Glycogen","PG","PG-Bare",0.406280693214262
"97","APNSFNLR","Glycogen","PG","PG-Eel",0.596563534017366
"98","TSFDAFPDK","Glycogen","PG","PG-Eel",0.696410687668237
"99","VLYPNDNFFEGK","Glycogen","PG","PG-Eel",0.596648241349546
"184","APNSFNLR","Glycogen","FB","FB-Eel",0.394916405170943
"185","TSFDAFPDK","Glycogen","FB","FB-Eel",0.37660173186241
"186","VLYPNDNFFEGK","Glycogen","FB","FB-Eel",0.386944999716999
"213","APNSFNLR","Glycogen","FB","FB-Bare",0.450246491140306
"214","TSFDAFPDK","Glycogen","FB","FB-Bare",0.303914005035446
"215","VLYPNDNFFEGK","Glycogen","FB","FB-Bare",0.34258074081204
"129","NAVVTVPAYFNDAQR","HSP70","WB","WB-Bare",0.409321177170519
"158","NAVVTVPAYFNDAQR","HSP70","WB","WB-Eel",0.394806980495982
"13","NAVVTVPAYFNDAQR","HSP70","CI","CI-Bare",0.52853020304634
"42","NAVVTVPAYFNDAQR","HSP70","CI","CI-Eel",0.849899920527734
"71","NAVVTVPAYFNDAQR","HSP70","PG","PG-Bare",0.350388585648896
"100","NAVVTVPAYFNDAQR","HSP70","PG","PG-Eel",0.381310172345767
"187","NAVVTVPAYFNDAQR","HSP70","FB","FB-Eel",0.3630915072928
"216","NAVVTVPAYFNDAQR","HSP70","FB","FB-Bare",0.233804656007906
"130","DSSTMGYMAAK","HSP90-alpha","WB","WB-Bare",0.553484456177944
"131","EVVQSSAFVER","HSP90-alpha","WB","WB-Bare",0.414538133390113
"132","GVVDSEDLPLNISR","HSP90-alpha","WB","WB-Bare",0.479868279616311
"159","DSSTMGYMAAK","HSP90-alpha","WB","WB-Eel",0.664062108509056
"160","EVVQSSAFVER","HSP90-alpha","WB","WB-Eel",0.433056486661336
"161","GVVDSEDLPLNISR","HSP90-alpha","WB","WB-Eel",0.502846896261689
"14","DSSTMGYMAAK","HSP90-alpha","CI","CI-Bare",0.721634552415466
"15","EVVQSSAFVER","HSP90-alpha","CI","CI-Bare",0.590559622962235
"16","GVVDSEDLPLNISR","HSP90-alpha","CI","CI-Bare",0.645511250161542
"43","DSSTMGYMAAK","HSP90-alpha","CI","CI-Eel",0.925620980298646
"44","EVVQSSAFVER","HSP90-alpha","CI","CI-Eel",0.850135190447847
"45","GVVDSEDLPLNISR","HSP90-alpha","CI","CI-Eel",0.810175199419351
"72","DSSTMGYMAAK","HSP90-alpha","PG","PG-Bare",0.621825865685223
"73","EVVQSSAFVER","HSP90-alpha","PG","PG-Bare",0.4248816436431
"74","GVVDSEDLPLNISR","HSP90-alpha","PG","PG-Bare",0.419952462082462
"101","DSSTMGYMAAK","HSP90-alpha","PG","PG-Eel",0.703603818997836
"102","EVVQSSAFVER","HSP90-alpha","PG","PG-Eel",0.471180263506949
"103","GVVDSEDLPLNISR","HSP90-alpha","PG","PG-Eel",0.414494819098117
"188","DSSTMGYMAAK","HSP90-alpha","FB","FB-Eel",0.51846358148916
"189","EVVQSSAFVER","HSP90-alpha","FB","FB-Eel",0.422885561892878
"190","GVVDSEDLPLNISR","HSP90-alpha","FB","FB-Eel",0.369214213871762
"217","DSSTMGYMAAK","HSP90-alpha","FB","FB-Bare",0.433204254796355
"218","EVVQSSAFVER","HSP90-alpha","FB","FB-Bare",0.310616174410836
"219","GVVDSEDLPLNISR","HSP90-alpha","FB","FB-Bare",0.372567208828581
"133","DNVVVIGFFK","PDI","WB","WB-Bare",0.327967626955592
"134","MDSTANEVEDVK","PDI","WB","WB-Bare",0.708250946579932
"162","DNVVVIGFFK","PDI","WB","WB-Eel",0.517473516200191
"163","MDSTANEVEDVK","PDI","WB","WB-Eel",0.559257512872095
"17","DNVVVIGFFK","PDI","CI","CI-Bare",0.535448691131861
"18","MDSTANEVEDVK","PDI","CI","CI-Bare",0.609497792868759
"46","DNVVVIGFFK","PDI","CI","CI-Eel",0.811738796329017
"47","MDSTANEVEDVK","PDI","CI","CI-Eel",0.712438196293839
"75","DNVVVIGFFK","PDI","PG","PG-Bare",0.350680050678866
"76","MDSTANEVEDVK","PDI","PG","PG-Bare",0.454403419300077
"104","DNVVVIGFFK","PDI","PG","PG-Eel",0.628892227594432
"105","MDSTANEVEDVK","PDI","PG","PG-Eel",0.718173660152696
"191","DNVVVIGFFK","PDI","FB","FB-Eel",0.313512660448727
"192","MDSTANEVEDVK","PDI","FB","FB-Eel",0.666190615280119
"220","DNVVVIGFFK","PDI","FB","FB-Bare",0.388763080254492
"221","MDSTANEVEDVK","PDI","FB","FB-Bare",0.669434586875051
"135","ALFIIDDK","Peroxiredoxin-1","WB","WB-Bare",0.335329791922516
"164","ALFIIDDK","Peroxiredoxin-1","WB","WB-Eel",0.406543650704113
"19","ALFIIDDK","Peroxiredoxin-1","CI","CI-Bare",0.521004703286339
"48","ALFIIDDK","Peroxiredoxin-1","CI","CI-Eel",0.705222254065199
"77","ALFIIDDK","Peroxiredoxin-1","PG","PG-Bare",0.430873022086672
"106","ALFIIDDK","Peroxiredoxin-1","PG","PG-Eel",0.38152880305461
"193","ALFIIDDK","Peroxiredoxin-1","FB","FB-Eel",0.355324489377415
"222","ALFIIDDK","Peroxiredoxin-1","FB","FB-Bare",0.30449220345707
"136","LNSGSVGVYR","Puromycin-sensitive","WB","WB-Bare",0.709146038148885
"137","SIQQSVENIR","Puromycin-sensitive","WB","WB-Bare",0.478847598491126
"138","SLTENFVTEEQAK","Puromycin-sensitive","WB","WB-Bare",0.41617717094471
"165","LNSGSVGVYR","Puromycin-sensitive","WB","WB-Eel",0.463596617476074
"166","SIQQSVENIR","Puromycin-sensitive","WB","WB-Eel",0.514651607740289
"167","SLTENFVTEEQAK","Puromycin-sensitive","WB","WB-Eel",0.473205459799837
"20","LNSGSVGVYR","Puromycin-sensitive","CI","CI-Bare",0.577337439223443
"21","SIQQSVENIR","Puromycin-sensitive","CI","CI-Bare",0.652828194867768
"22","SLTENFVTEEQAK","Puromycin-sensitive","CI","CI-Bare",0.578650642105632
"49","LNSGSVGVYR","Puromycin-sensitive","CI","CI-Eel",0.767586895648946
"50","SIQQSVENIR","Puromycin-sensitive","CI","CI-Eel",0.850911499541035
"51","SLTENFVTEEQAK","Puromycin-sensitive","CI","CI-Eel",0.682466831177201
"78","LNSGSVGVYR","Puromycin-sensitive","PG","PG-Bare",0.438658603770581
"79","SIQQSVENIR","Puromycin-sensitive","PG","PG-Bare",0.509271123166411
"80","SLTENFVTEEQAK","Puromycin-sensitive","PG","PG-Bare",0.402696994188715
"107","LNSGSVGVYR","Puromycin-sensitive","PG","PG-Eel",0.580095991830676
"108","SIQQSVENIR","Puromycin-sensitive","PG","PG-Eel",0.587374820357494
"109","SLTENFVTEEQAK","Puromycin-sensitive","PG","PG-Eel",0.442899293647881
"194","LNSGSVGVYR","Puromycin-sensitive","FB","FB-Eel",0.762381631666669
"195","SIQQSVENIR","Puromycin-sensitive","FB","FB-Eel",0.494907097541861
"196","SLTENFVTEEQAK","Puromycin-sensitive","FB","FB-Eel",0.369290613910531
"223","LNSGSVGVYR","Puromycin-sensitive","FB","FB-Bare",0.472072461590563
"224","SIQQSVENIR","Puromycin-sensitive","FB","FB-Bare",0.522396011519917
"225","SLTENFVTEEQAK","Puromycin-sensitive","FB","FB-Bare",0.348031836731202
"139","STIGVEFATR","Ras-related","WB","WB-Bare",0.597623157212562
"168","STIGVEFATR","Ras-related","WB","WB-Eel",0.599028644889378
"23","STIGVEFATR","Ras-related","CI","CI-Bare",0.548247026273223
"52","STIGVEFATR","Ras-related","CI","CI-Eel",0.705362244806247
"81","STIGVEFATR","Ras-related","PG","PG-Bare",0.42873481321836
"110","STIGVEFATR","Ras-related","PG","PG-Eel",0.65965822603189
"197","STIGVEFATR","Ras-related","FB","FB-Eel",0.445485819418337
"226","STIGVEFATR","Ras-related","FB","FB-Bare",0.355710209137352
"140","LLDQVWPDLR","Sodium/potassium-transporting","WB","WB-Bare",0.444871517256224
"141","TVIEPMAGDGLR","Sodium/potassium-transporting","WB","WB-Bare",0.628247981413657
"169","LLDQVWPDLR","Sodium/potassium-transporting","WB","WB-Eel",0.394685636971034
"170","TVIEPMAGDGLR","Sodium/potassium-transporting","WB","WB-Eel",0.541968266943469
"24","LLDQVWPDLR","Sodium/potassium-transporting","CI","CI-Bare",0.603041337469081
"25","TVIEPMAGDGLR","Sodium/potassium-transporting","CI","CI-Bare",0.74273718252376
"53","LLDQVWPDLR","Sodium/potassium-transporting","CI","CI-Eel",0.729558377708418
"54","TVIEPMAGDGLR","Sodium/potassium-transporting","CI","CI-Eel",0.928725060944917
"82","LLDQVWPDLR","Sodium/potassium-transporting","PG","PG-Bare",0.317452573877206
"83","TVIEPMAGDGLR","Sodium/potassium-transporting","PG","PG-Bare",0.507237306126065
"111","LLDQVWPDLR","Sodium/potassium-transporting","PG","PG-Eel",0.461975395894993
"112","TVIEPMAGDGLR","Sodium/potassium-transporting","PG","PG-Eel",0.73772591816377
"198","LLDQVWPDLR","Sodium/potassium-transporting","FB","FB-Eel",0.369904199499386
"199","TVIEPMAGDGLR","Sodium/potassium-transporting","FB","FB-Eel",0.473432324267805
"227","LLDQVWPDLR","Sodium/potassium-transporting","FB","FB-Bare",0.268108678844746
"228","TVIEPMAGDGLR","Sodium/potassium-transporting","FB","FB-Bare",0.414909770427826
"142","THGAPTDEER","Superoxide","WB","WB-Bare",1.14028847396597
"143","TIVVHADVDDLGK","Superoxide","WB","WB-Bare",0.677156552574564
"171","THGAPTDEER","Superoxide","WB","WB-Eel",0.658578553854252
"172","TIVVHADVDDLGK","Superoxide","WB","WB-Eel",0.697202679837875
"26","THGAPTDEER","Superoxide","CI","CI-Bare",0.595266434670014
"27","TIVVHADVDDLGK","Superoxide","CI","CI-Bare",0.701707738564765
"55","THGAPTDEER","Superoxide","CI","CI-Eel",0.905983554777256
"56","TIVVHADVDDLGK","Superoxide","CI","CI-Eel",0.930480953499696
"84","THGAPTDEER","Superoxide","PG","PG-Bare",0.816499702152905
"85","TIVVHADVDDLGK","Superoxide","PG","PG-Bare",0.540716433547148
"113","THGAPTDEER","Superoxide","PG","PG-Eel",0.876420811306667
"114","TIVVHADVDDLGK","Superoxide","PG","PG-Eel",0.88025542252189
"200","THGAPTDEER","Superoxide","FB","FB-Eel",0.913397083638057
"201","TIVVHADVDDLGK","Superoxide","FB","FB-Eel",0.553073203385132
"229","THGAPTDEER","Superoxide","FB","FB-Bare",0.681555137634772
"230","TIVVHADVDDLGK","Superoxide","FB","FB-Bare",0.576509424494912
"144","AAQDNGLLTDVLAYK","Trifunctional","WB","WB-Bare",0.510194885101986
"145","ALELGLKPK","Trifunctional","WB","WB-Bare",0.610063026841356
"173","AAQDNGLLTDVLAYK","Trifunctional","WB","WB-Eel",0.48561057729282
"174","ALELGLKPK","Trifunctional","WB","WB-Eel",0.519981106021357
"28","AAQDNGLLTDVLAYK","Trifunctional","CI","CI-Bare",0.559799320150553
"29","ALELGLKPK","Trifunctional","CI","CI-Bare",0.643869403727129
"57","AAQDNGLLTDVLAYK","Trifunctional","CI","CI-Eel",0.715440426721226
"58","ALELGLKPK","Trifunctional","CI","CI-Eel",0.825156796221421
"86","AAQDNGLLTDVLAYK","Trifunctional","PG","PG-Bare",0.394309447560444
"87","ALELGLKPK","Trifunctional","PG","PG-Bare",0.489415315549384
"115","AAQDNGLLTDVLAYK","Trifunctional","PG","PG-Eel",0.602299637508667
"116","ALELGLKPK","Trifunctional","PG","PG-Eel",0.747629139321196
"202","AAQDNGLLTDVLAYK","Trifunctional","FB","FB-Eel",0.422365104831824
"203","ALELGLKPK","Trifunctional","FB","FB-Eel",0.451561673713443
"231","AAQDNGLLTDVLAYK","Trifunctional","FB","FB-Bare",0.356536907620413
"232","ALELGLKPK","Trifunctional","FB","FB-Bare",0.521165118882886
