"","Protein.Name","SAMPLE","SITE","TREATMENT","BOTH","REGION","Area"
"1","Arachidonate","G012","CI","Bare","CI-Bare","South",1242106
"2","Catalase","G012","CI","Bare","CI-Bare","South",1584740
"3","Cytochrome","G012","CI","Bare","CI-Bare","South",514677
"4","Glycogen","G012","CI","Bare","CI-Bare","South",2091878
"5","HSP70","G012","CI","Bare","CI-Bare","South",521959
"6","HSP90-alpha","G012","CI","Bare","CI-Bare","South",1391967
"7","PDI","G012","CI","Bare","CI-Bare","South",3201236
"8","Peroxiredoxin-1","G012","CI","Bare","CI-Bare","South",683816
"9","Puromycin-sensitive","G012","CI","Bare","CI-Bare","South",393574
"10","Ras-related","G012","CI","Bare","CI-Bare","South",392946
"11","Sodium/potassium-transporting","G012","CI","Bare","CI-Bare","South",471443
"12","Superoxide","G012","CI","Bare","CI-Bare","South",51300
"13","Trifunctional","G012","CI","Bare","CI-Bare","South",115021
"14","Arachidonate","G013","CI","Bare","CI-Bare","South",15744399
"15","Catalase","G013","CI","Bare","CI-Bare","South",3176435
"16","Cytochrome","G013","CI","Bare","CI-Bare","South",3259756
"17","Glycogen","G013","CI","Bare","CI-Bare","South",4878192
"18","HSP70","G013","CI","Bare","CI-Bare","South",2461123
"19","HSP90-alpha","G013","CI","Bare","CI-Bare","South",24195602
"20","PDI","G013","CI","Bare","CI-Bare","South",9223997
"21","Peroxiredoxin-1","G013","CI","Bare","CI-Bare","South",2854136
"22","Puromycin-sensitive","G013","CI","Bare","CI-Bare","South",4524864
"23","Ras-related","G013","CI","Bare","CI-Bare","South",2605595
"24","Sodium/potassium-transporting","G013","CI","Bare","CI-Bare","South",1442872
"25","Superoxide","G013","CI","Bare","CI-Bare","South",784311
"26","Trifunctional","G013","CI","Bare","CI-Bare","South",563579
"27","Arachidonate","G014","CI","Bare","CI-Bare","South",10820131
"28","Catalase","G014","CI","Bare","CI-Bare","South",1950432
"29","Cytochrome","G014","CI","Bare","CI-Bare","South",2363070
"30","Glycogen","G014","CI","Bare","CI-Bare","South",3837000
"31","HSP70","G014","CI","Bare","CI-Bare","South",2375959
"32","HSP90-alpha","G014","CI","Bare","CI-Bare","South",17238790
"33","PDI","G014","CI","Bare","CI-Bare","South",6900524
"34","Peroxiredoxin-1","G014","CI","Bare","CI-Bare","South",2514807
"35","Puromycin-sensitive","G014","CI","Bare","CI-Bare","South",3692494
"36","Ras-related","G014","CI","Bare","CI-Bare","South",2196756
"37","Sodium/potassium-transporting","G014","CI","Bare","CI-Bare","South",963224
"38","Superoxide","G014","CI","Bare","CI-Bare","South",407967
"39","Trifunctional","G014","CI","Bare","CI-Bare","South",291481
"40","Arachidonate","G015","CI","Bare","CI-Bare","South",3648744
"41","Catalase","G015","CI","Bare","CI-Bare","South",1455914
"42","Cytochrome","G015","CI","Bare","CI-Bare","South",1174537
"43","Glycogen","G015","CI","Bare","CI-Bare","South",2152144
"44","HSP70","G015","CI","Bare","CI-Bare","South",1296071
"45","HSP90-alpha","G015","CI","Bare","CI-Bare","South",7793263
"46","PDI","G015","CI","Bare","CI-Bare","South",4067413
"47","Peroxiredoxin-1","G015","CI","Bare","CI-Bare","South",1165205
"48","Puromycin-sensitive","G015","CI","Bare","CI-Bare","South",1664338
"49","Ras-related","G015","CI","Bare","CI-Bare","South",1178752
"50","Sodium/potassium-transporting","G015","CI","Bare","CI-Bare","South",708831
"51","Superoxide","G015","CI","Bare","CI-Bare","South",371083
"52","Trifunctional","G015","CI","Bare","CI-Bare","South",222891
"53","Arachidonate","G016","CI","Bare","CI-Bare","South",7050493
"54","Catalase","G016","CI","Bare","CI-Bare","South",1639788
"55","Cytochrome","G016","CI","Bare","CI-Bare","South",933137
"56","Glycogen","G016","CI","Bare","CI-Bare","South",2192874
"57","HSP70","G016","CI","Bare","CI-Bare","South",1962608
"58","HSP90-alpha","G016","CI","Bare","CI-Bare","South",16728613
"59","PDI","G016","CI","Bare","CI-Bare","South",5462942
"60","Peroxiredoxin-1","G016","CI","Bare","CI-Bare","South",2085135
"61","Puromycin-sensitive","G016","CI","Bare","CI-Bare","South",3315227
"62","Ras-related","G016","CI","Bare","CI-Bare","South",1282884
"63","Sodium/potassium-transporting","G016","CI","Bare","CI-Bare","South",449197
"64","Superoxide","G016","CI","Bare","CI-Bare","South",638923
"65","Trifunctional","G016","CI","Bare","CI-Bare","South",247132
"66","Arachidonate","G017","CI","Bare","CI-Bare","South",21864320
"67","Catalase","G017","CI","Bare","CI-Bare","South",4849749
"68","Cytochrome","G017","CI","Bare","CI-Bare","South",4221534
"69","Glycogen","G017","CI","Bare","CI-Bare","South",6122750
"70","HSP70","G017","CI","Bare","CI-Bare","South",3690548
"71","HSP90-alpha","G017","CI","Bare","CI-Bare","South",27193607
"72","PDI","G017","CI","Bare","CI-Bare","South",13725700
"73","Peroxiredoxin-1","G017","CI","Bare","CI-Bare","South",3802074
"74","Puromycin-sensitive","G017","CI","Bare","CI-Bare","South",5959700
"75","Ras-related","G017","CI","Bare","CI-Bare","South",2909161
"76","Sodium/potassium-transporting","G017","CI","Bare","CI-Bare","South",2280673
"77","Superoxide","G017","CI","Bare","CI-Bare","South",927013
"78","Trifunctional","G017","CI","Bare","CI-Bare","South",638627
"79","Arachidonate","G001","CI","Eelgrass","CI-Eel","South",5172220
"80","Catalase","G001","CI","Eelgrass","CI-Eel","South",1181955
"81","Cytochrome","G001","CI","Eelgrass","CI-Eel","South",854255
"82","Glycogen","G001","CI","Eelgrass","CI-Eel","South",1458930
"83","HSP70","G001","CI","Eelgrass","CI-Eel","South",1134568
"84","HSP90-alpha","G001","CI","Eelgrass","CI-Eel","South",6988873
"85","PDI","G001","CI","Eelgrass","CI-Eel","South",3039963
"86","Peroxiredoxin-1","G001","CI","Eelgrass","CI-Eel","South",1260677
"87","Puromycin-sensitive","G001","CI","Eelgrass","CI-Eel","South",1389800
"88","Ras-related","G001","CI","Eelgrass","CI-Eel","South",876115
"89","Sodium/potassium-transporting","G001","CI","Eelgrass","CI-Eel","South",448795
"90","Superoxide","G001","CI","Eelgrass","CI-Eel","South",237553
"91","Trifunctional","G001","CI","Eelgrass","CI-Eel","South",225660
"92","Arachidonate","G002","CI","Eelgrass","CI-Eel","South",30661055
"93","Catalase","G002","CI","Eelgrass","CI-Eel","South",6063493
"94","Cytochrome","G002","CI","Eelgrass","CI-Eel","South",8411837
"95","Glycogen","G002","CI","Eelgrass","CI-Eel","South",7597774
"96","HSP70","G002","CI","Eelgrass","CI-Eel","South",5811361
"97","HSP90-alpha","G002","CI","Eelgrass","CI-Eel","South",39135413
"98","PDI","G002","CI","Eelgrass","CI-Eel","South",18249008
"99","Peroxiredoxin-1","G002","CI","Eelgrass","CI-Eel","South",4631374
"100","Puromycin-sensitive","G002","CI","Eelgrass","CI-Eel","South",8510016
"101","Ras-related","G002","CI","Eelgrass","CI-Eel","South",3753445
"102","Sodium/potassium-transporting","G002","CI","Eelgrass","CI-Eel","South",2685101
"103","Superoxide","G002","CI","Eelgrass","CI-Eel","South",1168745
"104","Trifunctional","G002","CI","Eelgrass","CI-Eel","South",1121975
"105","Arachidonate","G003","CI","Eelgrass","CI-Eel","South",504008
"106","Catalase","G003","CI","Eelgrass","CI-Eel","South",176601
"107","Cytochrome","G003","CI","Eelgrass","CI-Eel","South",77747
"108","Glycogen","G003","CI","Eelgrass","CI-Eel","South",290722
"109","HSP70","G003","CI","Eelgrass","CI-Eel","South",146061
"110","HSP90-alpha","G003","CI","Eelgrass","CI-Eel","South",912595
"111","PDI","G003","CI","Eelgrass","CI-Eel","South",307383
"112","Peroxiredoxin-1","G003","CI","Eelgrass","CI-Eel","South",229298
"113","Puromycin-sensitive","G003","CI","Eelgrass","CI-Eel","South",269890
"114","Ras-related","G003","CI","Eelgrass","CI-Eel","South",114356
"115","Sodium/potassium-transporting","G003","CI","Eelgrass","CI-Eel","South",35437
"116","Superoxide","G003","CI","Eelgrass","CI-Eel","South",29711
"117","Trifunctional","G003","CI","Eelgrass","CI-Eel","South",8049
"118","Arachidonate","G007","CI","Eelgrass","CI-Eel","South",20442449
"119","Catalase","G007","CI","Eelgrass","CI-Eel","South",4759780
"120","Cytochrome","G007","CI","Eelgrass","CI-Eel","South",5790803
"121","Glycogen","G007","CI","Eelgrass","CI-Eel","South",7322115
"122","HSP70","G007","CI","Eelgrass","CI-Eel","South",3322396
"123","HSP90-alpha","G007","CI","Eelgrass","CI-Eel","South",29780636
"124","PDI","G007","CI","Eelgrass","CI-Eel","South",13563176
"125","Peroxiredoxin-1","G007","CI","Eelgrass","CI-Eel","South",4406422
"126","Puromycin-sensitive","G007","CI","Eelgrass","CI-Eel","South",6319973
"127","Ras-related","G007","CI","Eelgrass","CI-Eel","South",4764236
"128","Sodium/potassium-transporting","G007","CI","Eelgrass","CI-Eel","South",1779934
"129","Superoxide","G007","CI","Eelgrass","CI-Eel","South",1019997
"130","Trifunctional","G007","CI","Eelgrass","CI-Eel","South",718884
"131","Arachidonate","G008","CI","Eelgrass","CI-Eel","South",11939418
"132","Catalase","G008","CI","Eelgrass","CI-Eel","South",7624414
"133","Cytochrome","G008","CI","Eelgrass","CI-Eel","South",2936302
"134","Glycogen","G008","CI","Eelgrass","CI-Eel","South",3769560
"135","HSP70","G008","CI","Eelgrass","CI-Eel","South",1498086
"136","HSP90-alpha","G008","CI","Eelgrass","CI-Eel","South",10496977
"137","PDI","G008","CI","Eelgrass","CI-Eel","South",9443624
"138","Peroxiredoxin-1","G008","CI","Eelgrass","CI-Eel","South",1810910
"139","Puromycin-sensitive","G008","CI","Eelgrass","CI-Eel","South",3183008
"140","Ras-related","G008","CI","Eelgrass","CI-Eel","South",3349819
"141","Sodium/potassium-transporting","G008","CI","Eelgrass","CI-Eel","South",774734
"142","Superoxide","G008","CI","Eelgrass","CI-Eel","South",556509
"143","Trifunctional","G008","CI","Eelgrass","CI-Eel","South",647318
"144","Arachidonate","G009","CI","Eelgrass","CI-Eel","South",8616385
"145","Catalase","G009","CI","Eelgrass","CI-Eel","South",2276311
"146","Cytochrome","G009","CI","Eelgrass","CI-Eel","South",3368159
"147","Glycogen","G009","CI","Eelgrass","CI-Eel","South",4159764
"148","HSP70","G009","CI","Eelgrass","CI-Eel","South",2209202
"149","HSP90-alpha","G009","CI","Eelgrass","CI-Eel","South",16800344
"150","PDI","G009","CI","Eelgrass","CI-Eel","South",7272922
"151","Peroxiredoxin-1","G009","CI","Eelgrass","CI-Eel","South",2567038
"152","Puromycin-sensitive","G009","CI","Eelgrass","CI-Eel","South",3767285
"153","Ras-related","G009","CI","Eelgrass","CI-Eel","South",2263892
"154","Sodium/potassium-transporting","G009","CI","Eelgrass","CI-Eel","South",1245385
"155","Superoxide","G009","CI","Eelgrass","CI-Eel","South",430033
"156","Trifunctional","G009","CI","Eelgrass","CI-Eel","South",392288
"157","Arachidonate","G104","WB","Bare","WB-Bare","South",11130449
"158","Catalase","G104","WB","Bare","WB-Bare","South",1089962
"159","Cytochrome","G104","WB","Bare","WB-Bare","South",1603958
"160","Glycogen","G104","WB","Bare","WB-Bare","South",2949973
"161","HSP70","G104","WB","Bare","WB-Bare","South",2126187
"162","HSP90-alpha","G104","WB","Bare","WB-Bare","South",15176806
"163","PDI","G104","WB","Bare","WB-Bare","South",5302261
"164","Peroxiredoxin-1","G104","WB","Bare","WB-Bare","South",1650959
"165","Puromycin-sensitive","G104","WB","Bare","WB-Bare","South",1798555
"166","Ras-related","G104","WB","Bare","WB-Bare","South",1720408
"167","Sodium/potassium-transporting","G104","WB","Bare","WB-Bare","South",718527
"168","Superoxide","G104","WB","Bare","WB-Bare","South",267341
"169","Trifunctional","G104","WB","Bare","WB-Bare","South",364741
"170","Arachidonate","G105","WB","Bare","WB-Bare","South",9451059
"171","Catalase","G105","WB","Bare","WB-Bare","South",1637719
"172","Cytochrome","G105","WB","Bare","WB-Bare","South",1738290
"173","Glycogen","G105","WB","Bare","WB-Bare","South",2850195
"174","HSP70","G105","WB","Bare","WB-Bare","South",2330769
"175","HSP90-alpha","G105","WB","Bare","WB-Bare","South",12919476
"176","PDI","G105","WB","Bare","WB-Bare","South",7348844
"177","Peroxiredoxin-1","G105","WB","Bare","WB-Bare","South",2112232
"178","Puromycin-sensitive","G105","WB","Bare","WB-Bare","South",2207027
"179","Ras-related","G105","WB","Bare","WB-Bare","South",1533636
"180","Sodium/potassium-transporting","G105","WB","Bare","WB-Bare","South",847706
"181","Superoxide","G105","WB","Bare","WB-Bare","South",392394
"182","Trifunctional","G105","WB","Bare","WB-Bare","South",353729
"183","Arachidonate","G114","WB","Bare","WB-Bare","South",15541235
"184","Catalase","G114","WB","Bare","WB-Bare","South",1963367
"185","Cytochrome","G114","WB","Bare","WB-Bare","South",3467045
"186","Glycogen","G114","WB","Bare","WB-Bare","South",4315224
"187","HSP70","G114","WB","Bare","WB-Bare","South",3386824
"188","HSP90-alpha","G114","WB","Bare","WB-Bare","South",21939581
"189","PDI","G114","WB","Bare","WB-Bare","South",10223084
"190","Peroxiredoxin-1","G114","WB","Bare","WB-Bare","South",3190471
"191","Puromycin-sensitive","G114","WB","Bare","WB-Bare","South",3717191
"192","Ras-related","G114","WB","Bare","WB-Bare","South",2530615
"193","Sodium/potassium-transporting","G114","WB","Bare","WB-Bare","South",1345165
"194","Superoxide","G114","WB","Bare","WB-Bare","South",519819
"195","Trifunctional","G114","WB","Bare","WB-Bare","South",614399
"196","Arachidonate","G116","WB","Bare","WB-Bare","South",6523115
"197","Catalase","G116","WB","Bare","WB-Bare","South",870787
"198","Cytochrome","G116","WB","Bare","WB-Bare","South",626370
"199","Glycogen","G116","WB","Bare","WB-Bare","South",1600097
"200","HSP70","G116","WB","Bare","WB-Bare","South",1396603
"201","HSP90-alpha","G116","WB","Bare","WB-Bare","South",7852962
"202","PDI","G116","WB","Bare","WB-Bare","South",4243192
"203","Peroxiredoxin-1","G116","WB","Bare","WB-Bare","South",1353427
"204","Puromycin-sensitive","G116","WB","Bare","WB-Bare","South",1682244
"205","Ras-related","G116","WB","Bare","WB-Bare","South",688762
"206","Sodium/potassium-transporting","G116","WB","Bare","WB-Bare","South",322515
"207","Superoxide","G116","WB","Bare","WB-Bare","South",331166
"208","Trifunctional","G116","WB","Bare","WB-Bare","South",151713
"209","Arachidonate","G120","WB","Bare","WB-Bare","South",25920514
"210","Catalase","G120","WB","Bare","WB-Bare","South",3693237
"211","Cytochrome","G120","WB","Bare","WB-Bare","South",4774457
"212","Glycogen","G120","WB","Bare","WB-Bare","South",6426962
"213","HSP70","G120","WB","Bare","WB-Bare","South",4466925
"214","HSP90-alpha","G120","WB","Bare","WB-Bare","South",31236079
"215","PDI","G120","WB","Bare","WB-Bare","South",10998582
"216","Peroxiredoxin-1","G120","WB","Bare","WB-Bare","South",3034928
"217","Puromycin-sensitive","G120","WB","Bare","WB-Bare","South",5872581
"218","Ras-related","G120","WB","Bare","WB-Bare","South",4752286
"219","Sodium/potassium-transporting","G120","WB","Bare","WB-Bare","South",1849386
"220","Superoxide","G120","WB","Bare","WB-Bare","South",1571231
"221","Trifunctional","G120","WB","Bare","WB-Bare","South",946778
"222","Arachidonate","G122","WB","Bare","WB-Bare","South",21146414
"223","Catalase","G122","WB","Bare","WB-Bare","South",2912125
"224","Cytochrome","G122","WB","Bare","WB-Bare","South",4494875
"225","Glycogen","G122","WB","Bare","WB-Bare","South",6396423
"226","HSP70","G122","WB","Bare","WB-Bare","South",4161470
"227","HSP90-alpha","G122","WB","Bare","WB-Bare","South",24405856
"228","PDI","G122","WB","Bare","WB-Bare","South",11345296
"229","Peroxiredoxin-1","G122","WB","Bare","WB-Bare","South",3100536
"230","Puromycin-sensitive","G122","WB","Bare","WB-Bare","South",4172877
"231","Ras-related","G122","WB","Bare","WB-Bare","South",3099898
"232","Sodium/potassium-transporting","G122","WB","Bare","WB-Bare","South",1483440
"233","Superoxide","G122","WB","Bare","WB-Bare","South",1084330
"234","Trifunctional","G122","WB","Bare","WB-Bare","South",742142
"235","Arachidonate","G109","WB","Eelgrass","WB-Eel","South",3504811
"236","Catalase","G109","WB","Eelgrass","WB-Eel","South",785601
"237","Cytochrome","G109","WB","Eelgrass","WB-Eel","South",819173
"238","Glycogen","G109","WB","Eelgrass","WB-Eel","South",1296176
"239","HSP70","G109","WB","Eelgrass","WB-Eel","South",1234570
"240","HSP90-alpha","G109","WB","Eelgrass","WB-Eel","South",5311040
"241","PDI","G109","WB","Eelgrass","WB-Eel","South",2637164
"242","Peroxiredoxin-1","G109","WB","Eelgrass","WB-Eel","South",1320678
"243","Puromycin-sensitive","G109","WB","Eelgrass","WB-Eel","South",1052493
"244","Ras-related","G109","WB","Eelgrass","WB-Eel","South",648298
"245","Sodium/potassium-transporting","G109","WB","Eelgrass","WB-Eel","South",362607
"246","Superoxide","G109","WB","Eelgrass","WB-Eel","South",303722
"247","Trifunctional","G109","WB","Eelgrass","WB-Eel","South",196898
"248","Arachidonate","G110","WB","Eelgrass","WB-Eel","South",13274089
"249","Catalase","G110","WB","Eelgrass","WB-Eel","South",1781013
"250","Cytochrome","G110","WB","Eelgrass","WB-Eel","South",2346388
"251","Glycogen","G110","WB","Eelgrass","WB-Eel","South",4721561
"252","HSP70","G110","WB","Eelgrass","WB-Eel","South",2323094
"253","HSP90-alpha","G110","WB","Eelgrass","WB-Eel","South",18703268
"254","PDI","G110","WB","Eelgrass","WB-Eel","South",6514474
"255","Peroxiredoxin-1","G110","WB","Eelgrass","WB-Eel","South",2715751
"256","Puromycin-sensitive","G110","WB","Eelgrass","WB-Eel","South",4173133
"257","Ras-related","G110","WB","Eelgrass","WB-Eel","South",2032426
"258","Sodium/potassium-transporting","G110","WB","Eelgrass","WB-Eel","South",1309618
"259","Superoxide","G110","WB","Eelgrass","WB-Eel","South",604704
"260","Trifunctional","G110","WB","Eelgrass","WB-Eel","South",408621
"261","Arachidonate","G127","WB","Eelgrass","WB-Eel","South",17637209
"262","Catalase","G127","WB","Eelgrass","WB-Eel","South",3459932
"263","Cytochrome","G127","WB","Eelgrass","WB-Eel","South",3273425
"264","Glycogen","G127","WB","Eelgrass","WB-Eel","South",6807582
"265","HSP70","G127","WB","Eelgrass","WB-Eel","South",3689760
"266","HSP90-alpha","G127","WB","Eelgrass","WB-Eel","South",21668512
"267","PDI","G127","WB","Eelgrass","WB-Eel","South",11107264
"268","Peroxiredoxin-1","G127","WB","Eelgrass","WB-Eel","South",2649184
"269","Puromycin-sensitive","G127","WB","Eelgrass","WB-Eel","South",5674795
"270","Ras-related","G127","WB","Eelgrass","WB-Eel","South",4239547
"271","Sodium/potassium-transporting","G127","WB","Eelgrass","WB-Eel","South",1874941
"272","Superoxide","G127","WB","Eelgrass","WB-Eel","South",1190130
"273","Trifunctional","G127","WB","Eelgrass","WB-Eel","South",758173
"274","Arachidonate","G128","WB","Eelgrass","WB-Eel","South",9759230
"275","Catalase","G128","WB","Eelgrass","WB-Eel","South",1497894
"276","Cytochrome","G128","WB","Eelgrass","WB-Eel","South",2259941
"277","Glycogen","G128","WB","Eelgrass","WB-Eel","South",3191762
"278","HSP70","G128","WB","Eelgrass","WB-Eel","South",1639184
"279","HSP90-alpha","G128","WB","Eelgrass","WB-Eel","South",12838001
"280","PDI","G128","WB","Eelgrass","WB-Eel","South",5183635
"281","Peroxiredoxin-1","G128","WB","Eelgrass","WB-Eel","South",2038414
"282","Puromycin-sensitive","G128","WB","Eelgrass","WB-Eel","South",2651609
"283","Ras-related","G128","WB","Eelgrass","WB-Eel","South",1578495
"284","Sodium/potassium-transporting","G128","WB","Eelgrass","WB-Eel","South",828248
"285","Superoxide","G128","WB","Eelgrass","WB-Eel","South",394412
"286","Trifunctional","G128","WB","Eelgrass","WB-Eel","South",351115
"287","Arachidonate","G129","WB","Eelgrass","WB-Eel","South",20196315
"288","Catalase","G129","WB","Eelgrass","WB-Eel","South",4248763
"289","Cytochrome","G129","WB","Eelgrass","WB-Eel","South",5500012
"290","Glycogen","G129","WB","Eelgrass","WB-Eel","South",7829611
"291","HSP70","G129","WB","Eelgrass","WB-Eel","South",3241502
"292","HSP90-alpha","G129","WB","Eelgrass","WB-Eel","South",31108912
"293","PDI","G129","WB","Eelgrass","WB-Eel","South",13195994
"294","Peroxiredoxin-1","G129","WB","Eelgrass","WB-Eel","South",4504085
"295","Puromycin-sensitive","G129","WB","Eelgrass","WB-Eel","South",5993237
"296","Ras-related","G129","WB","Eelgrass","WB-Eel","South",5114115
"297","Sodium/potassium-transporting","G129","WB","Eelgrass","WB-Eel","South",1908267
"298","Superoxide","G129","WB","Eelgrass","WB-Eel","South",1594951
"299","Trifunctional","G129","WB","Eelgrass","WB-Eel","South",725305
"300","Arachidonate","G132","WB","Eelgrass","WB-Eel","South",27766656
"301","Catalase","G132","WB","Eelgrass","WB-Eel","South",3096786
"302","Cytochrome","G132","WB","Eelgrass","WB-Eel","South",2808893
"303","Glycogen","G132","WB","Eelgrass","WB-Eel","South",7138489
"304","HSP70","G132","WB","Eelgrass","WB-Eel","South",3512704
"305","HSP90-alpha","G132","WB","Eelgrass","WB-Eel","South",25394760
"306","PDI","G132","WB","Eelgrass","WB-Eel","South",13716138
"307","Peroxiredoxin-1","G132","WB","Eelgrass","WB-Eel","South",3766403
"308","Puromycin-sensitive","G132","WB","Eelgrass","WB-Eel","South",6285084
"309","Ras-related","G132","WB","Eelgrass","WB-Eel","South",3977925
"310","Sodium/potassium-transporting","G132","WB","Eelgrass","WB-Eel","South",1583458
"311","Superoxide","G132","WB","Eelgrass","WB-Eel","South",1784750
"312","Trifunctional","G132","WB","Eelgrass","WB-Eel","South",927198
"313","Arachidonate","G062","PG","Bare","PG-Bare","North",7298708
"314","Catalase","G062","PG","Bare","PG-Bare","North",1131799
"315","Cytochrome","G062","PG","Bare","PG-Bare","North",2166073
"316","Glycogen","G062","PG","Bare","PG-Bare","North",2814524
"317","HSP70","G062","PG","Bare","PG-Bare","North",2769072
"318","HSP90-alpha","G062","PG","Bare","PG-Bare","North",19548508
"319","PDI","G062","PG","Bare","PG-Bare","North",9826636
"320","Peroxiredoxin-1","G062","PG","Bare","PG-Bare","North",1857551
"321","Puromycin-sensitive","G062","PG","Bare","PG-Bare","North",3364304
"322","Ras-related","G062","PG","Bare","PG-Bare","North",1870989
"323","Sodium/potassium-transporting","G062","PG","Bare","PG-Bare","North",743380
"324","Superoxide","G062","PG","Bare","PG-Bare","North",316375
"325","Trifunctional","G062","PG","Bare","PG-Bare","North",347839
"326","Arachidonate","G064","PG","Bare","PG-Bare","North",20916488
"327","Catalase","G064","PG","Bare","PG-Bare","North",2944157
"328","Cytochrome","G064","PG","Bare","PG-Bare","North",3709856
"329","Glycogen","G064","PG","Bare","PG-Bare","North",6638724
"330","HSP70","G064","PG","Bare","PG-Bare","North",6972696
"331","HSP90-alpha","G064","PG","Bare","PG-Bare","North",61089842
"332","PDI","G064","PG","Bare","PG-Bare","North",23382923
"333","Peroxiredoxin-1","G064","PG","Bare","PG-Bare","North",5505372
"334","Puromycin-sensitive","G064","PG","Bare","PG-Bare","North",10277481
"335","Ras-related","G064","PG","Bare","PG-Bare","North",5646057
"336","Sodium/potassium-transporting","G064","PG","Bare","PG-Bare","North",1779126
"337","Superoxide","G064","PG","Bare","PG-Bare","North",914136
"338","Trifunctional","G064","PG","Bare","PG-Bare","North",987881
"339","Arachidonate","G066","PG","Bare","PG-Bare","North",11936406
"340","Catalase","G066","PG","Bare","PG-Bare","North",1876976
"341","Cytochrome","G066","PG","Bare","PG-Bare","North",3482629
"342","Glycogen","G066","PG","Bare","PG-Bare","North",4083971
"343","HSP70","G066","PG","Bare","PG-Bare","North",4041774
"344","HSP90-alpha","G066","PG","Bare","PG-Bare","North",30924962
"345","PDI","G066","PG","Bare","PG-Bare","North",12009210
"346","Peroxiredoxin-1","G066","PG","Bare","PG-Bare","North",2632431
"347","Puromycin-sensitive","G066","PG","Bare","PG-Bare","North",4876826
"348","Ras-related","G066","PG","Bare","PG-Bare","North",2723360
"349","Sodium/potassium-transporting","G066","PG","Bare","PG-Bare","North",1064952
"350","Superoxide","G066","PG","Bare","PG-Bare","North",463065
"351","Trifunctional","G066","PG","Bare","PG-Bare","North",594368
"352","Arachidonate","G070","PG","Bare","PG-Bare","North",16758407
"353","Catalase","G070","PG","Bare","PG-Bare","North",3183667
"354","Cytochrome","G070","PG","Bare","PG-Bare","North",4161448
"355","Glycogen","G070","PG","Bare","PG-Bare","North",5492416
"356","HSP70","G070","PG","Bare","PG-Bare","North",4960478
"357","HSP90-alpha","G070","PG","Bare","PG-Bare","North",41168704
"358","PDI","G070","PG","Bare","PG-Bare","North",19564838
"359","Peroxiredoxin-1","G070","PG","Bare","PG-Bare","North",3470361
"360","Puromycin-sensitive","G070","PG","Bare","PG-Bare","North",6910302
"361","Ras-related","G070","PG","Bare","PG-Bare","North",4257428
"362","Sodium/potassium-transporting","G070","PG","Bare","PG-Bare","North",1665056
"363","Superoxide","G070","PG","Bare","PG-Bare","North",646060
"364","Trifunctional","G070","PG","Bare","PG-Bare","North",908655
"365","Arachidonate","G079","PG","Bare","PG-Bare","North",24167907
"366","Catalase","G079","PG","Bare","PG-Bare","North",4939163
"367","Cytochrome","G079","PG","Bare","PG-Bare","North",3593306
"368","Glycogen","G079","PG","Bare","PG-Bare","North",7121819
"369","HSP70","G079","PG","Bare","PG-Bare","North",6040281
"370","HSP90-alpha","G079","PG","Bare","PG-Bare","North",52764116
"371","PDI","G079","PG","Bare","PG-Bare","North",21895699
"372","Peroxiredoxin-1","G079","PG","Bare","PG-Bare","North",5188733
"373","Puromycin-sensitive","G079","PG","Bare","PG-Bare","North",9507996
"374","Ras-related","G079","PG","Bare","PG-Bare","North",4592259
"375","Sodium/potassium-transporting","G079","PG","Bare","PG-Bare","North",2056258
"376","Superoxide","G079","PG","Bare","PG-Bare","North",1083154
"377","Trifunctional","G079","PG","Bare","PG-Bare","North",1311022
"378","Arachidonate","G081","PG","Bare","PG-Bare","North",7722769
"379","Catalase","G081","PG","Bare","PG-Bare","North",1326035
"380","Cytochrome","G081","PG","Bare","PG-Bare","North",1846860
"381","Glycogen","G081","PG","Bare","PG-Bare","North",3555133
"382","HSP70","G081","PG","Bare","PG-Bare","North",3220644
"383","HSP90-alpha","G081","PG","Bare","PG-Bare","North",21320965
"384","PDI","G081","PG","Bare","PG-Bare","North",10918997
"385","Peroxiredoxin-1","G081","PG","Bare","PG-Bare","North",2431673
"386","Puromycin-sensitive","G081","PG","Bare","PG-Bare","North",3543160
"387","Ras-related","G081","PG","Bare","PG-Bare","North",2130552
"388","Sodium/potassium-transporting","G081","PG","Bare","PG-Bare","North",765355
"389","Superoxide","G081","PG","Bare","PG-Bare","North",334998
"390","Trifunctional","G081","PG","Bare","PG-Bare","North",576112
"391","Arachidonate","G031","PG","Eelgrass","PG-Eel","North",18447601
"392","Catalase","G031","PG","Eelgrass","PG-Eel","North",3661356
"393","Cytochrome","G031","PG","Eelgrass","PG-Eel","North",5164372
"394","Glycogen","G031","PG","Eelgrass","PG-Eel","North",6858836
"395","HSP70","G031","PG","Eelgrass","PG-Eel","North",5119715
"396","HSP90-alpha","G031","PG","Eelgrass","PG-Eel","North",30771113
"397","PDI","G031","PG","Eelgrass","PG-Eel","North",21323550
"398","Peroxiredoxin-1","G031","PG","Eelgrass","PG-Eel","North",3771382
"399","Puromycin-sensitive","G031","PG","Eelgrass","PG-Eel","North",5919579
"400","Ras-related","G031","PG","Eelgrass","PG-Eel","North",3965479
"401","Sodium/potassium-transporting","G031","PG","Eelgrass","PG-Eel","North",1687670
"402","Superoxide","G031","PG","Eelgrass","PG-Eel","North",1127995
"403","Trifunctional","G031","PG","Eelgrass","PG-Eel","North",1046680
"404","Arachidonate","G032","PG","Eelgrass","PG-Eel","North",7006895
"405","Catalase","G032","PG","Eelgrass","PG-Eel","North",1295150
"406","Cytochrome","G032","PG","Eelgrass","PG-Eel","North",2499363
"407","Glycogen","G032","PG","Eelgrass","PG-Eel","North",3179954
"408","HSP70","G032","PG","Eelgrass","PG-Eel","North",2480855
"409","HSP90-alpha","G032","PG","Eelgrass","PG-Eel","North",20277994
"410","PDI","G032","PG","Eelgrass","PG-Eel","North",7405700
"411","Peroxiredoxin-1","G032","PG","Eelgrass","PG-Eel","North",2341064
"412","Puromycin-sensitive","G032","PG","Eelgrass","PG-Eel","North",3607162
"413","Ras-related","G032","PG","Eelgrass","PG-Eel","North",1665473
"414","Sodium/potassium-transporting","G032","PG","Eelgrass","PG-Eel","North",805371
"415","Superoxide","G032","PG","Eelgrass","PG-Eel","North",267092
"416","Trifunctional","G032","PG","Eelgrass","PG-Eel","North",339443
"417","Arachidonate","G071.A","PG","Eelgrass","PG-Eel","North",21553197
"418","Catalase","G071.A","PG","Eelgrass","PG-Eel","North",3898928
"419","Cytochrome","G071.A","PG","Eelgrass","PG-Eel","North",4381172
"420","Glycogen","G071.A","PG","Eelgrass","PG-Eel","North",7900501
"421","HSP70","G071.A","PG","Eelgrass","PG-Eel","North",4398088
"422","HSP90-alpha","G071.A","PG","Eelgrass","PG-Eel","North",37087494
"423","PDI","G071.A","PG","Eelgrass","PG-Eel","North",20111314
"424","Peroxiredoxin-1","G071.A","PG","Eelgrass","PG-Eel","North",3898110
"425","Puromycin-sensitive","G071.A","PG","Eelgrass","PG-Eel","North",7911689
"426","Ras-related","G071.A","PG","Eelgrass","PG-Eel","North",4818375
"427","Sodium/potassium-transporting","G071.A","PG","Eelgrass","PG-Eel","North",1971864
"428","Superoxide","G071.A","PG","Eelgrass","PG-Eel","North",1243651
"429","Trifunctional","G071.A","PG","Eelgrass","PG-Eel","North",1193378
"430","Arachidonate","G071.B","PG","Eelgrass","PG-Eel","North",4311787
"431","Catalase","G071.B","PG","Eelgrass","PG-Eel","North",518136
"432","Cytochrome","G071.B","PG","Eelgrass","PG-Eel","North",990193
"433","Glycogen","G071.B","PG","Eelgrass","PG-Eel","North",1312641
"434","HSP70","G071.B","PG","Eelgrass","PG-Eel","North",1757633
"435","HSP90-alpha","G071.B","PG","Eelgrass","PG-Eel","North",9320864
"436","PDI","G071.B","PG","Eelgrass","PG-Eel","North",3532626
"437","Peroxiredoxin-1","G071.B","PG","Eelgrass","PG-Eel","North",1188357
"438","Puromycin-sensitive","G071.B","PG","Eelgrass","PG-Eel","North",1581592
"439","Ras-related","G071.B","PG","Eelgrass","PG-Eel","North",757276
"440","Sodium/potassium-transporting","G071.B","PG","Eelgrass","PG-Eel","North",325993
"441","Superoxide","G071.B","PG","Eelgrass","PG-Eel","North",177868
"442","Trifunctional","G071.B","PG","Eelgrass","PG-Eel","North",215622
"443","Arachidonate","G073","PG","Eelgrass","PG-Eel","North",6093287
"444","Catalase","G073","PG","Eelgrass","PG-Eel","North",1710863
"445","Cytochrome","G073","PG","Eelgrass","PG-Eel","North",2157729
"446","Glycogen","G073","PG","Eelgrass","PG-Eel","North",2976054
"447","HSP70","G073","PG","Eelgrass","PG-Eel","North",3575332
"448","HSP90-alpha","G073","PG","Eelgrass","PG-Eel","North",18680221
"449","PDI","G073","PG","Eelgrass","PG-Eel","North",8605665
"450","Peroxiredoxin-1","G073","PG","Eelgrass","PG-Eel","North",2761803
"451","Puromycin-sensitive","G073","PG","Eelgrass","PG-Eel","North",3297811
"452","Ras-related","G073","PG","Eelgrass","PG-Eel","North",1793301
"453","Sodium/potassium-transporting","G073","PG","Eelgrass","PG-Eel","North",861725
"454","Superoxide","G073","PG","Eelgrass","PG-Eel","North",517874
"455","Trifunctional","G073","PG","Eelgrass","PG-Eel","North",599091
"456","Arachidonate","G074","PG","Eelgrass","PG-Eel","North",6641177
"457","Catalase","G074","PG","Eelgrass","PG-Eel","North",1009813
"458","Cytochrome","G074","PG","Eelgrass","PG-Eel","North",1904560
"459","Glycogen","G074","PG","Eelgrass","PG-Eel","North",2587244
"460","HSP70","G074","PG","Eelgrass","PG-Eel","North",2648647
"461","HSP90-alpha","G074","PG","Eelgrass","PG-Eel","North",15703168
"462","PDI","G074","PG","Eelgrass","PG-Eel","North",7739230
"463","Peroxiredoxin-1","G074","PG","Eelgrass","PG-Eel","North",2182278
"464","Puromycin-sensitive","G074","PG","Eelgrass","PG-Eel","North",2820028
"465","Ras-related","G074","PG","Eelgrass","PG-Eel","North",1501944
"466","Sodium/potassium-transporting","G074","PG","Eelgrass","PG-Eel","North",669246
"467","Superoxide","G074","PG","Eelgrass","PG-Eel","North",176609
"468","Trifunctional","G074","PG","Eelgrass","PG-Eel","North",287594
"469","Arachidonate","G045","FB","Eelgrass","FB-Eel","North",13700208
"470","Catalase","G045","FB","Eelgrass","FB-Eel","North",1457800
"471","Cytochrome","G045","FB","Eelgrass","FB-Eel","North",3174585
"472","Glycogen","G045","FB","Eelgrass","FB-Eel","North",4612147
"473","HSP70","G045","FB","Eelgrass","FB-Eel","North",4609221
"474","HSP90-alpha","G045","FB","Eelgrass","FB-Eel","North",28472965
"475","PDI","G045","FB","Eelgrass","FB-Eel","North",13519325
"476","Peroxiredoxin-1","G045","FB","Eelgrass","FB-Eel","North",3325889
"477","Puromycin-sensitive","G045","FB","Eelgrass","FB-Eel","North",4133933
"478","Ras-related","G045","FB","Eelgrass","FB-Eel","North",2477578
"479","Sodium/potassium-transporting","G045","FB","Eelgrass","FB-Eel","North",948792
"480","Superoxide","G045","FB","Eelgrass","FB-Eel","North",331768
"481","Trifunctional","G045","FB","Eelgrass","FB-Eel","North",683792
"482","Arachidonate","G047","FB","Eelgrass","FB-Eel","North",9255255
"483","Catalase","G047","FB","Eelgrass","FB-Eel","North",1111637
"484","Cytochrome","G047","FB","Eelgrass","FB-Eel","North",1135466
"485","Glycogen","G047","FB","Eelgrass","FB-Eel","North",2917805
"486","HSP70","G047","FB","Eelgrass","FB-Eel","North",3149503
"487","HSP90-alpha","G047","FB","Eelgrass","FB-Eel","North",19288062
"488","PDI","G047","FB","Eelgrass","FB-Eel","North",8689895
"489","Peroxiredoxin-1","G047","FB","Eelgrass","FB-Eel","North",2356452
"490","Puromycin-sensitive","G047","FB","Eelgrass","FB-Eel","North",2957682
"491","Ras-related","G047","FB","Eelgrass","FB-Eel","North",1612843
"492","Sodium/potassium-transporting","G047","FB","Eelgrass","FB-Eel","North",799942
"493","Superoxide","G047","FB","Eelgrass","FB-Eel","North",182974
"494","Trifunctional","G047","FB","Eelgrass","FB-Eel","North",442163
"495","Arachidonate","G049","FB","Eelgrass","FB-Eel","North",27303324
"496","Catalase","G049","FB","Eelgrass","FB-Eel","North",3725884
"497","Cytochrome","G049","FB","Eelgrass","FB-Eel","North",6069058
"498","Glycogen","G049","FB","Eelgrass","FB-Eel","North",8968703
"499","HSP70","G049","FB","Eelgrass","FB-Eel","North",8519695
"500","HSP90-alpha","G049","FB","Eelgrass","FB-Eel","North",65315285
"501","PDI","G049","FB","Eelgrass","FB-Eel","North",22427138
"502","Peroxiredoxin-1","G049","FB","Eelgrass","FB-Eel","North",5833414
"503","Puromycin-sensitive","G049","FB","Eelgrass","FB-Eel","North",11511390
"504","Ras-related","G049","FB","Eelgrass","FB-Eel","North",4546996
"505","Sodium/potassium-transporting","G049","FB","Eelgrass","FB-Eel","North",2229609
"506","Superoxide","G049","FB","Eelgrass","FB-Eel","North",983937
"507","Trifunctional","G049","FB","Eelgrass","FB-Eel","North",1519722
"508","Arachidonate","G053","FB","Eelgrass","FB-Eel","North",28280971
"509","Catalase","G053","FB","Eelgrass","FB-Eel","North",4215311
"510","Cytochrome","G053","FB","Eelgrass","FB-Eel","North",6642253
"511","Glycogen","G053","FB","Eelgrass","FB-Eel","North",8364921
"512","HSP70","G053","FB","Eelgrass","FB-Eel","North",7876538
"513","HSP90-alpha","G053","FB","Eelgrass","FB-Eel","North",49678320
"514","PDI","G053","FB","Eelgrass","FB-Eel","North",19506757
"515","Peroxiredoxin-1","G053","FB","Eelgrass","FB-Eel","North",6152657
"516","Puromycin-sensitive","G053","FB","Eelgrass","FB-Eel","North",6455784
"517","Ras-related","G053","FB","Eelgrass","FB-Eel","North",6387015
"518","Sodium/potassium-transporting","G053","FB","Eelgrass","FB-Eel","North",2356766
"519","Superoxide","G053","FB","Eelgrass","FB-Eel","North",818578
"520","Trifunctional","G053","FB","Eelgrass","FB-Eel","North",1324820
"521","Arachidonate","G054","FB","Eelgrass","FB-Eel","North",13483703
"522","Catalase","G054","FB","Eelgrass","FB-Eel","North",1639901
"523","Cytochrome","G054","FB","Eelgrass","FB-Eel","North",3423977
"524","Glycogen","G054","FB","Eelgrass","FB-Eel","North",5034555
"525","HSP70","G054","FB","Eelgrass","FB-Eel","North",4439570
"526","HSP90-alpha","G054","FB","Eelgrass","FB-Eel","North",35975236
"527","PDI","G054","FB","Eelgrass","FB-Eel","North",18117456
"528","Peroxiredoxin-1","G054","FB","Eelgrass","FB-Eel","North",3787928
"529","Puromycin-sensitive","G054","FB","Eelgrass","FB-Eel","North",5792335
"530","Ras-related","G054","FB","Eelgrass","FB-Eel","North",3414093
"531","Sodium/potassium-transporting","G054","FB","Eelgrass","FB-Eel","North",1284699
"532","Superoxide","G054","FB","Eelgrass","FB-Eel","North",479754
"533","Trifunctional","G054","FB","Eelgrass","FB-Eel","North",704186
"534","Arachidonate","G055","FB","Eelgrass","FB-Eel","North",22594888
"535","Catalase","G055","FB","Eelgrass","FB-Eel","North",3082366
"536","Cytochrome","G055","FB","Eelgrass","FB-Eel","North",3810138
"537","Glycogen","G055","FB","Eelgrass","FB-Eel","North",6526330
"538","HSP70","G055","FB","Eelgrass","FB-Eel","North",6189311
"539","HSP90-alpha","G055","FB","Eelgrass","FB-Eel","North",48282580
"540","PDI","G055","FB","Eelgrass","FB-Eel","North",19451714
"541","Peroxiredoxin-1","G055","FB","Eelgrass","FB-Eel","North",6007506
"542","Puromycin-sensitive","G055","FB","Eelgrass","FB-Eel","North",8424736
"543","Ras-related","G055","FB","Eelgrass","FB-Eel","North",4116149
"544","Sodium/potassium-transporting","G055","FB","Eelgrass","FB-Eel","North",1872022
"545","Superoxide","G055","FB","Eelgrass","FB-Eel","North",799612
"546","Trifunctional","G055","FB","Eelgrass","FB-Eel","North",1222199
"547","Arachidonate","G040","FB","Bare","FB-Bare","North",31432152
"548","Catalase","G040","FB","Bare","FB-Bare","North",4668589
"549","Cytochrome","G040","FB","Bare","FB-Bare","North",4301745
"550","Glycogen","G040","FB","Bare","FB-Bare","North",6689715
"551","HSP70","G040","FB","Bare","FB-Bare","North",5426426
"552","HSP90-alpha","G040","FB","Bare","FB-Bare","North",40959599
"553","PDI","G040","FB","Bare","FB-Bare","North",18713079
"554","Peroxiredoxin-1","G040","FB","Bare","FB-Bare","North",3324974
"555","Puromycin-sensitive","G040","FB","Bare","FB-Bare","North",6012951
"556","Ras-related","G040","FB","Bare","FB-Bare","North",3253822
"557","Sodium/potassium-transporting","G040","FB","Bare","FB-Bare","North",1753904
"558","Superoxide","G040","FB","Bare","FB-Bare","North",846742
"559","Trifunctional","G040","FB","Bare","FB-Bare","North",1092926
"560","Arachidonate","G041","FB","Bare","FB-Bare","North",8733730
"561","Catalase","G041","FB","Bare","FB-Bare","North",1386378
"562","Cytochrome","G041","FB","Bare","FB-Bare","North",1879749
"563","Glycogen","G041","FB","Bare","FB-Bare","North",3256001
"564","HSP70","G041","FB","Bare","FB-Bare","North",3848187
"565","HSP90-alpha","G041","FB","Bare","FB-Bare","North",24107047
"566","PDI","G041","FB","Bare","FB-Bare","North",9298458
"567","Peroxiredoxin-1","G041","FB","Bare","FB-Bare","North",2491899
"568","Puromycin-sensitive","G041","FB","Bare","FB-Bare","North",3302039
"569","Ras-related","G041","FB","Bare","FB-Bare","North",1920888
"570","Sodium/potassium-transporting","G041","FB","Bare","FB-Bare","North",937749
"571","Superoxide","G041","FB","Bare","FB-Bare","North",253738
"572","Trifunctional","G041","FB","Bare","FB-Bare","North",460582
"573","Arachidonate","G042","FB","Bare","FB-Bare","North",16567281
"574","Catalase","G042","FB","Bare","FB-Bare","North",2767689
"575","Cytochrome","G042","FB","Bare","FB-Bare","North",2637686
"576","Glycogen","G042","FB","Bare","FB-Bare","North",5689900
"577","HSP70","G042","FB","Bare","FB-Bare","North",4657798
"578","HSP90-alpha","G042","FB","Bare","FB-Bare","North",37636742
"579","PDI","G042","FB","Bare","FB-Bare","North",12012791
"580","Peroxiredoxin-1","G042","FB","Bare","FB-Bare","North",4974989
"581","Puromycin-sensitive","G042","FB","Bare","FB-Bare","North",7145160
"582","Ras-related","G042","FB","Bare","FB-Bare","North",3961661
"583","Sodium/potassium-transporting","G042","FB","Bare","FB-Bare","North",1623054
"584","Superoxide","G042","FB","Bare","FB-Bare","North",610400
"585","Trifunctional","G042","FB","Bare","FB-Bare","North",996677
"586","Arachidonate","G043","FB","Bare","FB-Bare","North",12863975
"587","Catalase","G043","FB","Bare","FB-Bare","North",1312140
"588","Cytochrome","G043","FB","Bare","FB-Bare","North",2555076
"589","Glycogen","G043","FB","Bare","FB-Bare","North",3759412
"590","HSP70","G043","FB","Bare","FB-Bare","North",4250838
"591","HSP90-alpha","G043","FB","Bare","FB-Bare","North",21752960
"592","PDI","G043","FB","Bare","FB-Bare","North",11182627
"593","Peroxiredoxin-1","G043","FB","Bare","FB-Bare","North",2638654
"594","Puromycin-sensitive","G043","FB","Bare","FB-Bare","North",3306335
"595","Ras-related","G043","FB","Bare","FB-Bare","North",2200733
"596","Sodium/potassium-transporting","G043","FB","Bare","FB-Bare","North",967805
"597","Superoxide","G043","FB","Bare","FB-Bare","North",327965
"598","Trifunctional","G043","FB","Bare","FB-Bare","North",518324
"599","Arachidonate","G060","FB","Bare","FB-Bare","North",28851359
"600","Catalase","G060","FB","Bare","FB-Bare","North",3674348
"601","Cytochrome","G060","FB","Bare","FB-Bare","North",4800989
"602","Glycogen","G060","FB","Bare","FB-Bare","North",8021447
"603","HSP70","G060","FB","Bare","FB-Bare","North",6810176
"604","HSP90-alpha","G060","FB","Bare","FB-Bare","North",51218119
"605","PDI","G060","FB","Bare","FB-Bare","North",24563420
"606","Peroxiredoxin-1","G060","FB","Bare","FB-Bare","North",4367412
"607","Puromycin-sensitive","G060","FB","Bare","FB-Bare","North",9930993
"608","Ras-related","G060","FB","Bare","FB-Bare","North",4583896
"609","Sodium/potassium-transporting","G060","FB","Bare","FB-Bare","North",2005215
"610","Superoxide","G060","FB","Bare","FB-Bare","North",995956
"611","Trifunctional","G060","FB","Bare","FB-Bare","North",1385917
