File Name,Comment,Path,Instrument Method,Position,Inj Vol
2017_July_10_bivalves_QC1,PRTC+BSA,C:\Xcalibur\Data\Collaborators\Nunn\Emma\data_378,C:\Xcalibur\Data\Collaborators\Nunn\Emma\methods\Vantage_nanoAcq_prtcbsa53_60min_DrM27cm,"1:A,1",3
2017_July_10_bivalves_QC2,PRTC+BSA,C:\Xcalibur\Data\Collaborators\Nunn\Emma\data_378,C:\Xcalibur\Data\Collaborators\Nunn\Emma\methods\Vantage_nanoAcq_prtcbsa53_60min_DrM27cm,"1:A,1",3
2017_July_10_bivalves_QC3,PRTC+BSA,C:\Xcalibur\Data\Collaborators\Nunn\Emma\data_378,C:\Xcalibur\Data\Collaborators\Nunn\Emma\methods\Vantage_nanoAcq_prtcbsa53_60min_DrM27cm,"1:A,1",3
2017_July_10_bivalves_QC4,PRTC+BSA,C:\Xcalibur\Data\Collaborators\Nunn\Emma\data_378,C:\Xcalibur\Data\Collaborators\Nunn\Emma\methods\Vantage_nanoAcq_prtcbsa53_60min_DrM27cm,"1:A,1",3
2017_July_10_bivalves_1,blank,C:\Xcalibur\Data\Collaborators\Nunn\Emma\data_378,C:\Xcalibur\Data\Collaborators\Nunn\Emma\methods\Vantage_nanoAcq_blank_4min_DrM27cm,"1:A,2",3
2017_July_10_bivalves_2,O49,C:\Xcalibur\Data\Collaborators\Nunn\Emma\data_378,C:\Xcalibur\Data\Collaborators\Nunn\Emma\methods\Vantage_nanoAcq_oysterYV_60min_DrM27cm,"1:B,1",2
2017_July_10_bivalves_3,O52,C:\Xcalibur\Data\Collaborators\Nunn\Emma\data_378,C:\Xcalibur\Data\Collaborators\Nunn\Emma\methods\Vantage_nanoAcq_oysterYV_60min_DrM27cm,"1:B,2",2
2017_July_10_bivalves_4,O102,C:\Xcalibur\Data\Collaborators\Nunn\Emma\data_378,C:\Xcalibur\Data\Collaborators\Nunn\Emma\methods\Vantage_nanoAcq_oysterYV_60min_DrM27cm,"1:B,3",2
2017_July_10_bivalves_5,O01,C:\Xcalibur\Data\Collaborators\Nunn\Emma\data_378,C:\Xcalibur\Data\Collaborators\Nunn\Emma\methods\Vantage_nanoAcq_oysterYV_60min_DrM27cm,"1:B,4",2
2017_July_10_bivalves_6,O122,C:\Xcalibur\Data\Collaborators\Nunn\Emma\data_378,C:\Xcalibur\Data\Collaborators\Nunn\Emma\methods\Vantage_nanoAcq_oysterYV_60min_DrM27cm,"1:B,5",2
2017_July_10_bivalves_QC5,PRTC+BSA,C:\Xcalibur\Data\Collaborators\Nunn\Emma\data_378,C:\Xcalibur\Data\Collaborators\Nunn\Emma\methods\Vantage_nanoAcq_prtcbsa53_60min_DrM27cm,"1:A,1",3
2017_July_10_bivalves_7,blank,C:\Xcalibur\Data\Collaborators\Nunn\Emma\data_378,C:\Xcalibur\Data\Collaborators\Nunn\Emma\methods\Vantage_nanoAcq_blank_4min_DrM27cm,"1:A,2",3
2017_July_10_bivalves_8,O17,C:\Xcalibur\Data\Collaborators\Nunn\Emma\data_378,C:\Xcalibur\Data\Collaborators\Nunn\Emma\methods\Vantage_nanoAcq_oysterYV_60min_DrM27cm,"1:C,1",2
2017_July_10_bivalves_9,O14,C:\Xcalibur\Data\Collaborators\Nunn\Emma\data_378,C:\Xcalibur\Data\Collaborators\Nunn\Emma\methods\Vantage_nanoAcq_oysterYV_60min_DrM27cm,"1:C,2",2
2017_July_10_bivalves_10,O71,C:\Xcalibur\Data\Collaborators\Nunn\Emma\data_378,C:\Xcalibur\Data\Collaborators\Nunn\Emma\methods\Vantage_nanoAcq_oysterYV_60min_DrM27cm,"1:C,3",2
2017_July_10_bivalves_11,O145,C:\Xcalibur\Data\Collaborators\Nunn\Emma\data_378,C:\Xcalibur\Data\Collaborators\Nunn\Emma\methods\Vantage_nanoAcq_oysterYV_60min_DrM27cm,"1:C,4",2
2017_July_10_bivalves_12,O128,C:\Xcalibur\Data\Collaborators\Nunn\Emma\data_378,C:\Xcalibur\Data\Collaborators\Nunn\Emma\methods\Vantage_nanoAcq_oysterYV_60min_DrM27cm,"1:C,5",2
2017_July_10_bivalves_QC6,PRTC+BSA,C:\Xcalibur\Data\Collaborators\Nunn\Emma\data_378,C:\Xcalibur\Data\Collaborators\Nunn\Emma\methods\Vantage_nanoAcq_prtcbsa53_60min_DrM27cm,"1:A,1",3
2017_July_10_bivalves_13,blank,C:\Xcalibur\Data\Collaborators\Nunn\Emma\data_378,C:\Xcalibur\Data\Collaborators\Nunn\Emma\methods\Vantage_nanoAcq_blank_4min_DrM27cm,"1:A,2",3
2017_July_10_bivalves_14,O39,C:\Xcalibur\Data\Collaborators\Nunn\Emma\data_378,C:\Xcalibur\Data\Collaborators\Nunn\Emma\methods\Vantage_nanoAcq_oysterYV_60min_DrM27cm,"1:D,1",2
2017_July_10_bivalves_15,O113,C:\Xcalibur\Data\Collaborators\Nunn\Emma\data_378,C:\Xcalibur\Data\Collaborators\Nunn\Emma\methods\Vantage_nanoAcq_oysterYV_60min_DrM27cm,"1:D,2",2
2017_July_10_bivalves_16,O12,C:\Xcalibur\Data\Collaborators\Nunn\Emma\data_378,C:\Xcalibur\Data\Collaborators\Nunn\Emma\methods\Vantage_nanoAcq_oysterYV_60min_DrM27cm,"1:D,3",2
2017_July_10_bivalves_17,O99,C:\Xcalibur\Data\Collaborators\Nunn\Emma\data_378,C:\Xcalibur\Data\Collaborators\Nunn\Emma\methods\Vantage_nanoAcq_oysterYV_60min_DrM27cm,"1:D,4",2
2017_July_10_bivalves_18,O103,C:\Xcalibur\Data\Collaborators\Nunn\Emma\data_378,C:\Xcalibur\Data\Collaborators\Nunn\Emma\methods\Vantage_nanoAcq_oysterYV_60min_DrM27cm,"1:D,5",2
2017_July_10_bivalves_QC7,PRTC+BSA,C:\Xcalibur\Data\Collaborators\Nunn\Emma\data_378,C:\Xcalibur\Data\Collaborators\Nunn\Emma\methods\Vantage_nanoAcq_prtcbsa53_60min_DrM27cm,"1:A,1",3
2017_July_10_bivalves_19,blank,C:\Xcalibur\Data\Collaborators\Nunn\Emma\data_378,C:\Xcalibur\Data\Collaborators\Nunn\Emma\methods\Vantage_nanoAcq_blank_4min_DrM27cm,"1:A,2",3
2017_July_10_bivalves_20,O56,C:\Xcalibur\Data\Collaborators\Nunn\Emma\data_378,C:\Xcalibur\Data\Collaborators\Nunn\Emma\methods\Vantage_nanoAcq_oysterYV_60min_DrM27cm,"1:E,1",2
2017_July_10_bivalves_21,O10,C:\Xcalibur\Data\Collaborators\Nunn\Emma\data_378,C:\Xcalibur\Data\Collaborators\Nunn\Emma\methods\Vantage_nanoAcq_oysterYV_60min_DrM27cm,"1:E,2",2
2017_July_10_bivalves_22,O22,C:\Xcalibur\Data\Collaborators\Nunn\Emma\data_378,C:\Xcalibur\Data\Collaborators\Nunn\Emma\methods\Vantage_nanoAcq_oysterYV_60min_DrM27cm,"1:E,3",2
2017_July_10_bivalves_23,O118,C:\Xcalibur\Data\Collaborators\Nunn\Emma\data_378,C:\Xcalibur\Data\Collaborators\Nunn\Emma\methods\Vantage_nanoAcq_oysterYV_60min_DrM27cm,"1:E,4",2
2017_July_10_bivalves_24,O06,C:\Xcalibur\Data\Collaborators\Nunn\Emma\data_378,C:\Xcalibur\Data\Collaborators\Nunn\Emma\methods\Vantage_nanoAcq_oysterYV_60min_DrM27cm,"1:E,5",2
2017_July_10_bivalves_QC8,PRTC+BSA,C:\Xcalibur\Data\Collaborators\Nunn\Emma\data_378,C:\Xcalibur\Data\Collaborators\Nunn\Emma\methods\Vantage_nanoAcq_prtcbsa53_60min_DrM27cm,"1:A,1",3
2017_July_10_bivalves_25,blank,C:\Xcalibur\Data\Collaborators\Nunn\Emma\data_378,C:\Xcalibur\Data\Collaborators\Nunn\Emma\methods\Vantage_nanoAcq_blank_4min_DrM27cm,"1:A,2",3
2017_July_10_bivalves_26,O08,C:\Xcalibur\Data\Collaborators\Nunn\Emma\data_378,C:\Xcalibur\Data\Collaborators\Nunn\Emma\methods\Vantage_nanoAcq_oysterYV_60min_DrM27cm,"1:F,1",2
2017_July_10_bivalves_27,O04,C:\Xcalibur\Data\Collaborators\Nunn\Emma\data_378,C:\Xcalibur\Data\Collaborators\Nunn\Emma\methods\Vantage_nanoAcq_oysterYV_60min_DrM27cm,"1:F,2",2
2017_July_10_bivalves_28,O106,C:\Xcalibur\Data\Collaborators\Nunn\Emma\data_378,C:\Xcalibur\Data\Collaborators\Nunn\Emma\methods\Vantage_nanoAcq_oysterYV_60min_DrM27cm,"1:F,3",2
2017_July_10_bivalves_29,O21,C:\Xcalibur\Data\Collaborators\Nunn\Emma\data_378,C:\Xcalibur\Data\Collaborators\Nunn\Emma\methods\Vantage_nanoAcq_oysterYV_60min_DrM27cm,"1:F,4",2
2017_July_10_bivalves_30,O51,C:\Xcalibur\Data\Collaborators\Nunn\Emma\data_378,C:\Xcalibur\Data\Collaborators\Nunn\Emma\methods\Vantage_nanoAcq_oysterYV_60min_DrM27cm,"1:F,5",2
2017_July_10_bivalves_QC9,PRTC+BSA,C:\Xcalibur\Data\Collaborators\Nunn\Emma\data_378,C:\Xcalibur\Data\Collaborators\Nunn\Emma\methods\Vantage_nanoAcq_prtcbsa53_60min_DrM27cm,"1:A,1",3
2017_July_10_bivalves_31,blank,C:\Xcalibur\Data\Collaborators\Nunn\Emma\data_378,C:\Xcalibur\Data\Collaborators\Nunn\Emma\methods\Vantage_nanoAcq_blank_4min_DrM27cm,"1:A,2",3
2017_July_10_bivalves_32,O32,C:\Xcalibur\Data\Collaborators\Nunn\Emma\data_378,C:\Xcalibur\Data\Collaborators\Nunn\Emma\methods\Vantage_nanoAcq_oysterYV_60min_DrM27cm,"2:B,1",2
2017_July_10_bivalves_33,O60,C:\Xcalibur\Data\Collaborators\Nunn\Emma\data_378,C:\Xcalibur\Data\Collaborators\Nunn\Emma\methods\Vantage_nanoAcq_oysterYV_60min_DrM27cm,"2:B,2",2
2017_July_10_bivalves_34,O101,C:\Xcalibur\Data\Collaborators\Nunn\Emma\data_378,C:\Xcalibur\Data\Collaborators\Nunn\Emma\methods\Vantage_nanoAcq_oysterYV_60min_DrM27cm,"2:B,3",2
2017_July_10_bivalves_35,O91,C:\Xcalibur\Data\Collaborators\Nunn\Emma\data_378,C:\Xcalibur\Data\Collaborators\Nunn\Emma\methods\Vantage_nanoAcq_oysterYV_60min_DrM27cm,"2:B,4",2
2017_July_10_bivalves_36,O100,C:\Xcalibur\Data\Collaborators\Nunn\Emma\data_378,C:\Xcalibur\Data\Collaborators\Nunn\Emma\methods\Vantage_nanoAcq_oysterYV_60min_DrM27cm,"2:B,5",2
2017_July_10_bivalves_QC10,PRTC+BSA,C:\Xcalibur\Data\Collaborators\Nunn\Emma\data_378,C:\Xcalibur\Data\Collaborators\Nunn\Emma\methods\Vantage_nanoAcq_prtcbsa53_60min_DrM27cm,"1:A,1",3
2017_July_10_bivalves_37,blank,C:\Xcalibur\Data\Collaborators\Nunn\Emma\data_378,C:\Xcalibur\Data\Collaborators\Nunn\Emma\methods\Vantage_nanoAcq_blank_4min_DrM27cm,"1:A,2",3
2017_July_10_bivalves_38,O137,C:\Xcalibur\Data\Collaborators\Nunn\Emma\data_378,C:\Xcalibur\Data\Collaborators\Nunn\Emma\methods\Vantage_nanoAcq_oysterYV_60min_DrM27cm,"2:C,1",2
2017_July_10_bivalves_39,O96,C:\Xcalibur\Data\Collaborators\Nunn\Emma\data_378,C:\Xcalibur\Data\Collaborators\Nunn\Emma\methods\Vantage_nanoAcq_oysterYV_60min_DrM27cm,"2:C,2",2
2017_July_10_bivalves_40,O46,C:\Xcalibur\Data\Collaborators\Nunn\Emma\data_378,C:\Xcalibur\Data\Collaborators\Nunn\Emma\methods\Vantage_nanoAcq_oysterYV_60min_DrM27cm,"2:C,3",2
2017_July_10_bivalves_41,O90,C:\Xcalibur\Data\Collaborators\Nunn\Emma\data_378,C:\Xcalibur\Data\Collaborators\Nunn\Emma\methods\Vantage_nanoAcq_oysterYV_60min_DrM27cm,"2:C,4",2
2017_July_10_bivalves_42,O147,C:\Xcalibur\Data\Collaborators\Nunn\Emma\data_378,C:\Xcalibur\Data\Collaborators\Nunn\Emma\methods\Vantage_nanoAcq_oysterYV_60min_DrM27cm,"2:C,5",2
2017_July_10_bivalves_QC11,PRTC+BSA,C:\Xcalibur\Data\Collaborators\Nunn\Emma\data_378,C:\Xcalibur\Data\Collaborators\Nunn\Emma\methods\Vantage_nanoAcq_prtcbsa53_60min_DrM27cm,"1:A,1",3
2017_July_10_bivalves_43,blank,C:\Xcalibur\Data\Collaborators\Nunn\Emma\data_378,C:\Xcalibur\Data\Collaborators\Nunn\Emma\methods\Vantage_nanoAcq_blank_4min_DrM27cm,"1:A,2",3
2017_July_10_bivalves_44,O30,C:\Xcalibur\Data\Collaborators\Nunn\Emma\data_378,C:\Xcalibur\Data\Collaborators\Nunn\Emma\methods\Vantage_nanoAcq_oysterYV_60min_DrM27cm,"2:D,1",2
2017_July_10_bivalves_45,O31,C:\Xcalibur\Data\Collaborators\Nunn\Emma\data_378,C:\Xcalibur\Data\Collaborators\Nunn\Emma\methods\Vantage_nanoAcq_oysterYV_60min_DrM27cm,"2:D,2",2
2017_July_10_bivalves_46,O131,C:\Xcalibur\Data\Collaborators\Nunn\Emma\data_378,C:\Xcalibur\Data\Collaborators\Nunn\Emma\methods\Vantage_nanoAcq_oysterYV_60min_DrM27cm,"2:D,3",2
2017_July_10_bivalves_47,O35,C:\Xcalibur\Data\Collaborators\Nunn\Emma\data_378,C:\Xcalibur\Data\Collaborators\Nunn\Emma\methods\Vantage_nanoAcq_oysterYV_60min_DrM27cm,"2:D,4",2
2017_July_10_bivalves_48,O24,C:\Xcalibur\Data\Collaborators\Nunn\Emma\data_378,C:\Xcalibur\Data\Collaborators\Nunn\Emma\methods\Vantage_nanoAcq_oysterYV_60min_DrM27cm,"2:D,5",2
2017_July_10_bivalves_QC12,PRTC+BSA,C:\Xcalibur\Data\Collaborators\Nunn\Emma\data_378,C:\Xcalibur\Data\Collaborators\Nunn\Emma\methods\Vantage_nanoAcq_prtcbsa53_60min_DrM27cm,"1:A,1",3
2017_July_10_bivalves_49,blank,C:\Xcalibur\Data\Collaborators\Nunn\Emma\data_378,C:\Xcalibur\Data\Collaborators\Nunn\Emma\methods\Vantage_nanoAcq_blank_4min_DrM27cm,"1:A,2",3
2017_July_10_bivalves_50,O43,C:\Xcalibur\Data\Collaborators\Nunn\Emma\data_378,C:\Xcalibur\Data\Collaborators\Nunn\Emma\methods\Vantage_nanoAcq_oysterYV_60min_DrM27cm,"2:E,1",2
2017_July_10_bivalves_51,O40,C:\Xcalibur\Data\Collaborators\Nunn\Emma\data_378,C:\Xcalibur\Data\Collaborators\Nunn\Emma\methods\Vantage_nanoAcq_oysterYV_60min_DrM27cm,"2:E,2",2
2017_July_10_bivalves_52,O26,C:\Xcalibur\Data\Collaborators\Nunn\Emma\data_378,C:\Xcalibur\Data\Collaborators\Nunn\Emma\methods\Vantage_nanoAcq_oysterYV_60min_DrM27cm,"2:E,3",2
2017_July_10_bivalves_53,O78,C:\Xcalibur\Data\Collaborators\Nunn\Emma\data_378,C:\Xcalibur\Data\Collaborators\Nunn\Emma\methods\Vantage_nanoAcq_oysterYV_60min_DrM27cm,"2:E,4",2
2017_July_10_bivalves_54,O124,C:\Xcalibur\Data\Collaborators\Nunn\Emma\data_378,C:\Xcalibur\Data\Collaborators\Nunn\Emma\methods\Vantage_nanoAcq_oysterYV_60min_DrM27cm,"2:E,5",2
2017_July_10_bivalves_QC13,PRTC+BSA,C:\Xcalibur\Data\Collaborators\Nunn\Emma\data_378,C:\Xcalibur\Data\Collaborators\Nunn\Emma\methods\Vantage_nanoAcq_prtcbsa53_60min_DrM27cm,"1:A,1",3
2017_July_10_bivalves_55,blank,C:\Xcalibur\Data\Collaborators\Nunn\Emma\data_378,C:\Xcalibur\Data\Collaborators\Nunn\Emma\methods\Vantage_nanoAcq_blank_4min_DrM27cm,"1:A,2",3
2017_July_10_bivalves_56,O64,C:\Xcalibur\Data\Collaborators\Nunn\Emma\data_378,C:\Xcalibur\Data\Collaborators\Nunn\Emma\methods\Vantage_nanoAcq_oysterYV_60min_DrM27cm,"2:F,1",2
2017_July_10_bivalves_57,O140,C:\Xcalibur\Data\Collaborators\Nunn\Emma\data_378,C:\Xcalibur\Data\Collaborators\Nunn\Emma\methods\Vantage_nanoAcq_oysterYV_60min_DrM27cm,"2:F,2",2
2017_July_10_bivalves_58,O66,C:\Xcalibur\Data\Collaborators\Nunn\Emma\data_378,C:\Xcalibur\Data\Collaborators\Nunn\Emma\methods\Vantage_nanoAcq_oysterYV_60min_DrM27cm,"2:F,3",2
2017_July_10_bivalves_59,O121,C:\Xcalibur\Data\Collaborators\Nunn\Emma\data_378,C:\Xcalibur\Data\Collaborators\Nunn\Emma\methods\Vantage_nanoAcq_oysterYV_60min_DrM27cm,"2:F,4",2
2017_July_10_bivalves_60,OBLNK2,C:\Xcalibur\Data\Collaborators\Nunn\Emma\data_378,C:\Xcalibur\Data\Collaborators\Nunn\Emma\methods\Vantage_nanoAcq_oysterYV_60min_DrM27cm,"2:F,5",2
2017_July_10_bivalves_QC14,PRTC+BSA,C:\Xcalibur\Data\Collaborators\Nunn\Emma\data_378,C:\Xcalibur\Data\Collaborators\Nunn\Emma\methods\Vantage_nanoAcq_prtcbsa53_60min_DrM27cm,"1:A,1",3
2017_July_10_bivalves_61,blank,C:\Xcalibur\Data\Collaborators\Nunn\Emma\data_378,C:\Xcalibur\Data\Collaborators\Nunn\Emma\methods\Vantage_nanoAcq_blank_4min_DrM27cm,"1:A,2",3
2017_July_10_bivalves_62,O17,C:\Xcalibur\Data\Collaborators\Nunn\Emma\data_378,C:\Xcalibur\Data\Collaborators\Nunn\Emma\methods\Vantage_nanoAcq_oysterYV_60min_DrM27cm,"1:B,1",2
2017_July_10_bivalves_63,O56,C:\Xcalibur\Data\Collaborators\Nunn\Emma\data_378,C:\Xcalibur\Data\Collaborators\Nunn\Emma\methods\Vantage_nanoAcq_oysterYV_60min_DrM27cm,"1:B,2",2
2017_July_10_bivalves_64,O106,C:\Xcalibur\Data\Collaborators\Nunn\Emma\data_378,C:\Xcalibur\Data\Collaborators\Nunn\Emma\methods\Vantage_nanoAcq_oysterYV_60min_DrM27cm,"1:B,3",2
2017_July_10_bivalves_65,O10,C:\Xcalibur\Data\Collaborators\Nunn\Emma\data_378,C:\Xcalibur\Data\Collaborators\Nunn\Emma\methods\Vantage_nanoAcq_oysterYV_60min_DrM27cm,"1:B,4",2
2017_July_10_bivalves_66,O51,C:\Xcalibur\Data\Collaborators\Nunn\Emma\data_378,C:\Xcalibur\Data\Collaborators\Nunn\Emma\methods\Vantage_nanoAcq_oysterYV_60min_DrM27cm,"1:B,5",2
2017_July_10_bivalves_QC15,PRTC+BSA,C:\Xcalibur\Data\Collaborators\Nunn\Emma\data_378,C:\Xcalibur\Data\Collaborators\Nunn\Emma\methods\Vantage_nanoAcq_prtcbsa53_60min_DrM27cm,"1:A,1",3
2017_July_10_bivalves_67,blank,C:\Xcalibur\Data\Collaborators\Nunn\Emma\data_378,C:\Xcalibur\Data\Collaborators\Nunn\Emma\methods\Vantage_nanoAcq_blank_4min_DrM27cm,"1:A,2",3
2017_July_10_bivalves_68,O145,C:\Xcalibur\Data\Collaborators\Nunn\Emma\data_378,C:\Xcalibur\Data\Collaborators\Nunn\Emma\methods\Vantage_nanoAcq_oysterYV_60min_DrM27cm,"1:C,1",2
2017_July_10_bivalves_69,O71,C:\Xcalibur\Data\Collaborators\Nunn\Emma\data_378,C:\Xcalibur\Data\Collaborators\Nunn\Emma\methods\Vantage_nanoAcq_oysterYV_60min_DrM27cm,"1:C,2",2
2017_July_10_bivalves_70,O49,C:\Xcalibur\Data\Collaborators\Nunn\Emma\data_378,C:\Xcalibur\Data\Collaborators\Nunn\Emma\methods\Vantage_nanoAcq_oysterYV_60min_DrM27cm,"1:C,3",2
2017_July_10_bivalves_71,O06,C:\Xcalibur\Data\Collaborators\Nunn\Emma\data_378,C:\Xcalibur\Data\Collaborators\Nunn\Emma\methods\Vantage_nanoAcq_oysterYV_60min_DrM27cm,"1:C,4",2
2017_July_10_bivalves_72,O21,C:\Xcalibur\Data\Collaborators\Nunn\Emma\data_378,C:\Xcalibur\Data\Collaborators\Nunn\Emma\methods\Vantage_nanoAcq_oysterYV_60min_DrM27cm,"1:C,5",2
2017_July_10_bivalves_QC16,PRTC+BSA,C:\Xcalibur\Data\Collaborators\Nunn\Emma\data_378,C:\Xcalibur\Data\Collaborators\Nunn\Emma\methods\Vantage_nanoAcq_prtcbsa53_60min_DrM27cm,"1:A,1",3
2017_July_10_bivalves_73,blank,C:\Xcalibur\Data\Collaborators\Nunn\Emma\data_378,C:\Xcalibur\Data\Collaborators\Nunn\Emma\methods\Vantage_nanoAcq_blank_4min_DrM27cm,"1:A,2",3
2017_July_10_bivalves_74,O22,C:\Xcalibur\Data\Collaborators\Nunn\Emma\data_378,C:\Xcalibur\Data\Collaborators\Nunn\Emma\methods\Vantage_nanoAcq_oysterYV_60min_DrM27cm,"1:D,1",2
2017_July_10_bivalves_75,O12,C:\Xcalibur\Data\Collaborators\Nunn\Emma\data_378,C:\Xcalibur\Data\Collaborators\Nunn\Emma\methods\Vantage_nanoAcq_oysterYV_60min_DrM27cm,"1:D,2",2
2017_July_10_bivalves_76,O52,C:\Xcalibur\Data\Collaborators\Nunn\Emma\data_378,C:\Xcalibur\Data\Collaborators\Nunn\Emma\methods\Vantage_nanoAcq_oysterYV_60min_DrM27cm,"1:D,3",2
2017_July_10_bivalves_77,O122,C:\Xcalibur\Data\Collaborators\Nunn\Emma\data_378,C:\Xcalibur\Data\Collaborators\Nunn\Emma\methods\Vantage_nanoAcq_oysterYV_60min_DrM27cm,"1:D,4",2
2017_July_10_bivalves_78,O39,C:\Xcalibur\Data\Collaborators\Nunn\Emma\data_378,C:\Xcalibur\Data\Collaborators\Nunn\Emma\methods\Vantage_nanoAcq_oysterYV_60min_DrM27cm,"1:D,5",2
2017_July_10_bivalves_QC17,PRTC+BSA,C:\Xcalibur\Data\Collaborators\Nunn\Emma\data_378,C:\Xcalibur\Data\Collaborators\Nunn\Emma\methods\Vantage_nanoAcq_prtcbsa53_60min_DrM27cm,"1:A,1",3
2017_July_10_bivalves_79,blank,C:\Xcalibur\Data\Collaborators\Nunn\Emma\data_378,C:\Xcalibur\Data\Collaborators\Nunn\Emma\methods\Vantage_nanoAcq_blank_4min_DrM27cm,"1:A,2",3
2017_July_10_bivalves_80,O128,C:\Xcalibur\Data\Collaborators\Nunn\Emma\data_378,C:\Xcalibur\Data\Collaborators\Nunn\Emma\methods\Vantage_nanoAcq_oysterYV_60min_DrM27cm,"1:E,1",2
2017_July_10_bivalves_81,O103,C:\Xcalibur\Data\Collaborators\Nunn\Emma\data_378,C:\Xcalibur\Data\Collaborators\Nunn\Emma\methods\Vantage_nanoAcq_oysterYV_60min_DrM27cm,"1:E,2",2
2017_July_10_bivalves_82,PRTC+BSA,C:\Xcalibur\Data\Collaborators\Nunn\Emma\data_378,C:\Xcalibur\Data\Collaborators\Nunn\Emma\methods\Vantage_nanoAcq_prtcbsa53_60min_DrM27cm,"1:A,1",3
2017_July_10_bivalves_83,PRTC+BSA,C:\Xcalibur\Data\Collaborators\Nunn\Emma\data_378,C:\Xcalibur\Data\Collaborators\Nunn\Emma\methods\Vantage_nanoAcq_prtcbsa53_60min_DrM27cm,"1:A,1",3
2017_July_10_bivalves_84,O14,C:\Xcalibur\Data\Collaborators\Nunn\Emma\data_378,C:\Xcalibur\Data\Collaborators\Nunn\Emma\methods\Vantage_nanoAcq_oysterYV_60min_DrM27cm,"1:E,3",2
2017_July_10_bivalves_QC18,O01,C:\Xcalibur\Data\Collaborators\Nunn\Emma\data_378,C:\Xcalibur\Data\Collaborators\Nunn\Emma\methods\Vantage_nanoAcq_oysterYV_60min_DrM27cm,"1:E,4",2
2017_July_10_bivalves_QC19,PRTC+BSA,C:\Xcalibur\Data\Collaborators\Nunn\Emma\data_378,C:\Xcalibur\Data\Collaborators\Nunn\Emma\methods\Vantage_nanoAcq_prtcbsa53_60min_DrM27cm,"1:A,1",3
2017_July_10_bivalves_QC20,PRTC+BSA,C:\Xcalibur\Data\Collaborators\Nunn\Emma\data_378,C:\Xcalibur\Data\Collaborators\Nunn\Emma\methods\Vantage_nanoAcq_prtcbsa53_60min_DrM27cm,"1:A,1",3
2017_July_10_bivalves_QC21,PRTC+BSA,C:\Xcalibur\Data\Collaborators\Nunn\Emma\data_378,C:\Xcalibur\Data\Collaborators\Nunn\Emma\methods\Vantage_nanoAcq_prtcbsa53_60min_DrM27cm,"1:A,1",3
2017_July_10_bivalves_QC22,PRTC+BSA,C:\Xcalibur\Data\Collaborators\Nunn\Emma\data_378,C:\Xcalibur\Data\Collaborators\Nunn\Emma\methods\Vantage_nanoAcq_prtcbsa53_60min_DrM27cm,"1:A,1",3
2017_July_10_bivalves_85,O14,C:\Xcalibur\Data\Collaborators\Nunn\Emma\data_378,C:\Xcalibur\Data\Collaborators\Nunn\Emma\methods\Vantage_nanoAcq_oysterYV_60min_DrM27cm,"1:E,3",2
2017_July_10_bivalves_86,O01,C:\Xcalibur\Data\Collaborators\Nunn\Emma\data_378,C:\Xcalibur\Data\Collaborators\Nunn\Emma\methods\Vantage_nanoAcq_oysterYV_60min_DrM27cm,"1:E,4",2
2017_July_10_bivalves_87,O118,C:\Xcalibur\Data\Collaborators\Nunn\Emma\data_378,C:\Xcalibur\Data\Collaborators\Nunn\Emma\methods\Vantage_nanoAcq_oysterYV_60min_DrM27cm,"1:E,5",2
2017_July_10_bivalves_88,blank,C:\Xcalibur\Data\Collaborators\Nunn\Emma\data_378,C:\Xcalibur\Data\Collaborators\Nunn\Emma\methods\Vantage_nanoAcq_blank_4min_DrM27cm,"1:A,2",3
2017_July_10_bivalves_93,O113,C:\Xcalibur\Data\Collaborators\Nunn\Emma\data_378,C:\Xcalibur\Data\Collaborators\Nunn\Emma\methods\Vantage_nanoAcq_oysterYV_60min_DrM27cm,"1:F,1",2
2017_July_10_bivalves_94,O04,C:\Xcalibur\Data\Collaborators\Nunn\Emma\data_378,C:\Xcalibur\Data\Collaborators\Nunn\Emma\methods\Vantage_nanoAcq_oysterYV_60min_DrM27cm,"1:F,2",2
2017_July_10_bivalves_95,O102,C:\Xcalibur\Data\Collaborators\Nunn\Emma\data_378,C:\Xcalibur\Data\Collaborators\Nunn\Emma\methods\Vantage_nanoAcq_oysterYV_60min_DrM27cm,"1:F,3",2
2017_July_10_bivalves_96,O99,C:\Xcalibur\Data\Collaborators\Nunn\Emma\data_378,C:\Xcalibur\Data\Collaborators\Nunn\Emma\methods\Vantage_nanoAcq_oysterYV_60min_DrM27cm,"1:F,4",2
2017_July_10_bivalves_97,O08,C:\Xcalibur\Data\Collaborators\Nunn\Emma\data_378,C:\Xcalibur\Data\Collaborators\Nunn\Emma\methods\Vantage_nanoAcq_oysterYV_60min_DrM27cm,"1:F,5",2
2017_July_10_bivalves_QC23,PRTC+BSA,C:\Xcalibur\Data\Collaborators\Nunn\Emma\data_378,C:\Xcalibur\Data\Collaborators\Nunn\Emma\methods\Vantage_nanoAcq_oysterYV_60min_DrM27cm,"1:A,1",3
2017_July_10_bivalves_98,blank,C:\Xcalibur\Data\Collaborators\Nunn\Emma\data_378,C:\Xcalibur\Data\Collaborators\Nunn\Emma\methods\Vantage_nanoAcq_blank_4min_DrM27cm,"1:A,2",3
2017_July_10_bivalves_99,O137,C:\Xcalibur\Data\Collaborators\Nunn\Emma\data_378,C:\Xcalibur\Data\Collaborators\Nunn\Emma\methods\Vantage_nanoAcq_oysterYV_60min_DrM27cm,"2:B,1",2
2017_July_10_bivalves_100,O30,C:\Xcalibur\Data\Collaborators\Nunn\Emma\data_378,C:\Xcalibur\Data\Collaborators\Nunn\Emma\methods\Vantage_nanoAcq_oysterYV_60min_DrM27cm,"2:B,2",2
2017_July_10_bivalves_101,O40,C:\Xcalibur\Data\Collaborators\Nunn\Emma\data_378,C:\Xcalibur\Data\Collaborators\Nunn\Emma\methods\Vantage_nanoAcq_oysterYV_60min_DrM27cm,"2:B,3",2
2017_July_10_bivalves_102,O32,C:\Xcalibur\Data\Collaborators\Nunn\Emma\data_378,C:\Xcalibur\Data\Collaborators\Nunn\Emma\methods\Vantage_nanoAcq_oysterYV_60min_DrM27cm,"2:B,4",2
2017_July_10_bivalves_103,O96,C:\Xcalibur\Data\Collaborators\Nunn\Emma\data_378,C:\Xcalibur\Data\Collaborators\Nunn\Emma\methods\Vantage_nanoAcq_oysterYV_60min_DrM27cm,"2:B,5",2
2017_July_10_bivalves_QC24,PRTC+BSA,C:\Xcalibur\Data\Collaborators\Nunn\Emma\data_378,C:\Xcalibur\Data\Collaborators\Nunn\Emma\methods\Vantage_nanoAcq_prtcbsa53_60min_DrM27cm,"1:A,1",2
2017_July_10_bivalves_104,blank,C:\Xcalibur\Data\Collaborators\Nunn\Emma\data_378,C:\Xcalibur\Data\Collaborators\Nunn\Emma\methods\Vantage_nanoAcq_blank_4min_DrM27cm,"1:A,2",3
2017_July_10_bivalves_105,O46,C:\Xcalibur\Data\Collaborators\Nunn\Emma\data_378,C:\Xcalibur\Data\Collaborators\Nunn\Emma\methods\Vantage_nanoAcq_oysterYV_60min_DrM27cm,"2:C,1",2
2017_July_10_bivalves_106,O100,C:\Xcalibur\Data\Collaborators\Nunn\Emma\data_378,C:\Xcalibur\Data\Collaborators\Nunn\Emma\methods\Vantage_nanoAcq_oysterYV_60min_DrM27cm,"2:C,2",2
2017_July_10_bivalves_107,O64,C:\Xcalibur\Data\Collaborators\Nunn\Emma\data_378,C:\Xcalibur\Data\Collaborators\Nunn\Emma\methods\Vantage_nanoAcq_oysterYV_60min_DrM27cm,"2:C,3",2
2017_July_10_bivalves_108,O147,C:\Xcalibur\Data\Collaborators\Nunn\Emma\data_378,C:\Xcalibur\Data\Collaborators\Nunn\Emma\methods\Vantage_nanoAcq_oysterYV_60min_DrM27cm,"2:C,4",2
2017_July_10_bivalves_109,O90,C:\Xcalibur\Data\Collaborators\Nunn\Emma\data_378,C:\Xcalibur\Data\Collaborators\Nunn\Emma\methods\Vantage_nanoAcq_oysterYV_60min_DrM27cm,"2:C,5",2
2017_July_10_bivalves_QC25,PRTC+BSA,C:\Xcalibur\Data\Collaborators\Nunn\Emma\data_378,C:\Xcalibur\Data\Collaborators\Nunn\Emma\methods\Vantage_nanoAcq_prtcbsa53_60min_DrM27cm,"1:A,3",2
2017_July_10_bivalves_110,blank,C:\Xcalibur\Data\Collaborators\Nunn\Emma\data_378,C:\Xcalibur\Data\Collaborators\Nunn\Emma\methods\Vantage_nanoAcq_blank_4min_DrM27cm,"1:A,2",3
2017_July_10_bivalves_111,O43,C:\Xcalibur\Data\Collaborators\Nunn\Emma\data_378,C:\Xcalibur\Data\Collaborators\Nunn\Emma\methods\Vantage_nanoAcq_oysterYV_60min_DrM27cm,"2:D,1",2
2017_July_10_bivalves_112,O78,C:\Xcalibur\Data\Collaborators\Nunn\Emma\data_378,C:\Xcalibur\Data\Collaborators\Nunn\Emma\methods\Vantage_nanoAcq_oysterYV_60min_DrM27cm,"2:D,2",2
2017_July_10_bivalves_113,O91,C:\Xcalibur\Data\Collaborators\Nunn\Emma\data_378,C:\Xcalibur\Data\Collaborators\Nunn\Emma\methods\Vantage_nanoAcq_oysterYV_60min_DrM27cm,"2:D,3",2
2017_July_10_bivalves_114,O26,C:\Xcalibur\Data\Collaborators\Nunn\Emma\data_378,C:\Xcalibur\Data\Collaborators\Nunn\Emma\methods\Vantage_nanoAcq_oysterYV_60min_DrM27cm,"2:D,4",2
2017_July_10_bivalves_115,O131,C:\Xcalibur\Data\Collaborators\Nunn\Emma\data_378,C:\Xcalibur\Data\Collaborators\Nunn\Emma\methods\Vantage_nanoAcq_oysterYV_60min_DrM27cm,"2:D,5",2
2017_July_10_bivalves_QC26,PRTC+BSA,C:\Xcalibur\Data\Collaborators\Nunn\Emma\data_378,C:\Xcalibur\Data\Collaborators\Nunn\Emma\methods\Vantage_nanoAcq_prtcbsa53_60min_DrM27cm,"1:A,3",3
2017_July_10_bivalves_116,blank,C:\Xcalibur\Data\Collaborators\Nunn\Emma\data_378,C:\Xcalibur\Data\Collaborators\Nunn\Emma\methods\Vantage_nanoAcq_blank_4min_DrM27cm,"1:A,2",3
2017_July_10_bivalves_117,O31,C:\Xcalibur\Data\Collaborators\Nunn\Emma\data_378,C:\Xcalibur\Data\Collaborators\Nunn\Emma\methods\Vantage_nanoAcq_oysterYV_60min_DrM27cm,"2:E,1",2
2017_July_10_bivalves_118,O35,C:\Xcalibur\Data\Collaborators\Nunn\Emma\data_378,C:\Xcalibur\Data\Collaborators\Nunn\Emma\methods\Vantage_nanoAcq_oysterYV_60min_DrM27cm,"2:E,2",2
2017_July_10_bivalves_119,O140,C:\Xcalibur\Data\Collaborators\Nunn\Emma\data_378,C:\Xcalibur\Data\Collaborators\Nunn\Emma\methods\Vantage_nanoAcq_oysterYV_60min_DrM27cm,"2:E,3",2
2017_July_10_bivalves_120,O121,C:\Xcalibur\Data\Collaborators\Nunn\Emma\data_378,C:\Xcalibur\Data\Collaborators\Nunn\Emma\methods\Vantage_nanoAcq_oysterYV_60min_DrM27cm,"2:E,4",2
2017_July_10_bivalves_121,O60,C:\Xcalibur\Data\Collaborators\Nunn\Emma\data_378,C:\Xcalibur\Data\Collaborators\Nunn\Emma\methods\Vantage_nanoAcq_oysterYV_60min_DrM27cm,"2:E,5",2
2017_July_10_bivalves_QC27,PRTC+BSA,C:\Xcalibur\Data\Collaborators\Nunn\Emma\data_378,C:\Xcalibur\Data\Collaborators\Nunn\Emma\methods\Vantage_nanoAcq_prtcbsa53_60min_DrM27cm,"1:A,3",3
2017_July_10_bivalves_122,blank,C:\Xcalibur\Data\Collaborators\Nunn\Emma\data_378,C:\Xcalibur\Data\Collaborators\Nunn\Emma\methods\Vantage_nanoAcq_blank_4min_DrM27cm,"1:A,2",3
2017_July_10_bivalves_123,O66,C:\Xcalibur\Data\Collaborators\Nunn\Emma\data_378,C:\Xcalibur\Data\Collaborators\Nunn\Emma\methods\Vantage_nanoAcq_oysterYV_60min_DrM27cm,"2:F,1",2
2017_July_10_bivalves_124,O101,C:\Xcalibur\Data\Collaborators\Nunn\Emma\data_378,C:\Xcalibur\Data\Collaborators\Nunn\Emma\methods\Vantage_nanoAcq_oysterYV_60min_DrM27cm,"2:F,2",2
2017_July_10_bivalves_125,O124,C:\Xcalibur\Data\Collaborators\Nunn\Emma\data_378,C:\Xcalibur\Data\Collaborators\Nunn\Emma\methods\Vantage_nanoAcq_oysterYV_60min_DrM27cm,"2:F,3",2
2017_July_10_bivalves_126,O24,C:\Xcalibur\Data\Collaborators\Nunn\Emma\data_378,C:\Xcalibur\Data\Collaborators\Nunn\Emma\methods\Vantage_nanoAcq_oysterYV_60min_DrM27cm,"2:F,4",2
2017_July_10_bivalves_127,OBLNK2,C:\Xcalibur\Data\Collaborators\Nunn\Emma\data_378,C:\Xcalibur\Data\Collaborators\Nunn\Emma\methods\Vantage_nanoAcq_oysterYV_60min_DrM27cm,"2:F,5",2
2017_July_10_bivalves_QC28,PRTC+BSA,C:\Xcalibur\Data\Collaborators\Nunn\Emma\data_378,C:\Xcalibur\Data\Collaborators\Nunn\Emma\methods\Vantage_nanoAcq_prtcbsa53_60min_DrM27cm,"1:A,3",3
2017_July_10_bivalves_128,blank,C:\Xcalibur\Data\Collaborators\Nunn\Emma\data_378,C:\Xcalibur\Data\Collaborators\Nunn\Emma\methods\Vantage_nanoAcq_blank_4min_DrM27cm,"1:A,2",3
2017_July_10_bivalves_129,O01,C:\Xcalibur\Data\Collaborators\Nunn\Emma\data_378,C:\Xcalibur\Data\Collaborators\Nunn\Emma\methods\Vantage_nanoAcq_oysterYV_60min_DrM27cm,"1:B,1",2
2017_July_10_bivalves_130,O12,C:\Xcalibur\Data\Collaborators\Nunn\Emma\data_378,C:\Xcalibur\Data\Collaborators\Nunn\Emma\methods\Vantage_nanoAcq_oysterYV_60min_DrM27cm,"1:B,2",2
2017_July_10_bivalves_131,O22,C:\Xcalibur\Data\Collaborators\Nunn\Emma\data_378,C:\Xcalibur\Data\Collaborators\Nunn\Emma\methods\Vantage_nanoAcq_oysterYV_60min_DrM27cm,"1:B,3",2
2017_July_10_bivalves_132,O113,C:\Xcalibur\Data\Collaborators\Nunn\Emma\data_378,C:\Xcalibur\Data\Collaborators\Nunn\Emma\methods\Vantage_nanoAcq_oysterYV_60min_DrM27cm,"1:B,4",2
2017_July_10_bivalves_133,O118,C:\Xcalibur\Data\Collaborators\Nunn\Emma\data_378,C:\Xcalibur\Data\Collaborators\Nunn\Emma\methods\Vantage_nanoAcq_oysterYV_60min_DrM27cm,"1:B,5",2
2017_July_10_bivalves_QC29,PRTC+BSA,C:\Xcalibur\Data\Collaborators\Nunn\Emma\data_378,C:\Xcalibur\Data\Collaborators\Nunn\Emma\methods\Vantage_nanoAcq_prtcbsa53_60min_DrM27cm,"1:A,3
",3
2017_July_10_bivalves_134,blank,C:\Xcalibur\Data\Collaborators\Nunn\Emma\data_378,C:\Xcalibur\Data\Collaborators\Nunn\Emma\methods\Vantage_nanoAcq_blank_4min_DrM27cm,"1:A,2",3
2017_July_10_bivalves_135,O01,C:\Xcalibur\Data\Collaborators\Nunn\Emma\data_378,C:\Xcalibur\Data\Collaborators\Nunn\Emma\methods\Vantage_nanoAcq_oysterYV_60min_DrM27cm,"1:B,1",2
2017_July_10_bivalves_136,O26,C:\Xcalibur\Data\Collaborators\Nunn\Emma\data_378,C:\Xcalibur\Data\Collaborators\Nunn\Emma\methods\Vantage_nanoAcq_oysterYV_60min_DrM27cm,"1:C,1",2
2017_July_10_bivalves_137,O90,C:\Xcalibur\Data\Collaborators\Nunn\Emma\data_378,C:\Xcalibur\Data\Collaborators\Nunn\Emma\methods\Vantage_nanoAcq_oysterYV_60min_DrM27cm,"1:C,2",2
2017_July_10_bivalves_138,blank,C:\Xcalibur\Data\Collaborators\Nunn\Emma\data_378,C:\Xcalibur\Data\Collaborators\Nunn\Emma\methods\Vantage_nanoAcq_blank_4min_DrM27cm,"1:A,2",3
2017_July_10_bivalves_QC29,PRTC+BSA,C:\Xcalibur\Data\Collaborators\Nunn\Emma\data_378,C:\Xcalibur\Data\Collaborators\Nunn\Emma\methods\Vantage_nanoAcq_prtcbsa53_60min_DrM27cm,"1:A,3
",3
2017_July_10_bivalves_134,blank,C:\Xcalibur\Data\Collaborators\Nunn\Emma\data_378,C:\Xcalibur\Data\Collaborators\Nunn\Emma\methods\Vantage_nanoAcq_blank_4min_DrM27cm,"1:A,2",3
2017_July_10_bivalves_135,O01,C:\Xcalibur\Data\Collaborators\Nunn\Emma\data_378,C:\Xcalibur\Data\Collaborators\Nunn\Emma\methods\Vantage_nanoAcq_oysterYV_60min_DrM27cm,"1:B,1",2
2017_July_10_bivalves_136,O26,C:\Xcalibur\Data\Collaborators\Nunn\Emma\data_378,C:\Xcalibur\Data\Collaborators\Nunn\Emma\methods\Vantage_nanoAcq_oysterYV_60min_DrM27cm,"1:C,1",2
2017_July_10_bivalves_137,O90,C:\Xcalibur\Data\Collaborators\Nunn\Emma\data_378,C:\Xcalibur\Data\Collaborators\Nunn\Emma\methods\Vantage_nanoAcq_oysterYV_60min_DrM27cm,"1:C,2",2
2017_July_10_bivalves_138,blank,C:\Xcalibur\Data\Collaborators\Nunn\Emma\data_378,C:\Xcalibur\Data\Collaborators\Nunn\Emma\methods\Vantage_nanoAcq_blank_4min_DrM27cm,"1:A,2",3
2017_July_10_bivalves_QC30,PRTC+BSA,C:\Xcalibur\Data\Collaborators\Nunn\Emma\data_378,C:\Xcalibur\Data\Collaborators\Nunn\Emma\methods\Vantage_nanoAcq_prtcbsa53_60min_DrM27cm,"1:A,3
",3
2017_July_10_bivalves_139,blank,C:\Xcalibur\Data\Collaborators\Nunn\Emma\data_378,C:\Xcalibur\Data\Collaborators\Nunn\Emma\methods\Vantage_nanoAcq_blank_4min_DrM27cm,"1:A,2",3
2017_July_10_bivalves_140,G013,C:\Xcalibur\Data\Collaborators\Nunn\Emma\data_378,C:\Xcalibur\Data\Collaborators\Nunn\Emma\methods\Vantage_nanoAcq_geoduckLS_60min_DrM27cm,"1:C,3",2
2017_July_10_bivalves_141,G120,C:\Xcalibur\Data\Collaborators\Nunn\Emma\data_378,C:\Xcalibur\Data\Collaborators\Nunn\Emma\methods\Vantage_nanoAcq_geoduckLS_60min_DrM27cm,"1:C,4",2
2017_July_10_bivalves_142,G047,C:\Xcalibur\Data\Collaborators\Nunn\Emma\data_378,C:\Xcalibur\Data\Collaborators\Nunn\Emma\methods\Vantage_nanoAcq_geoduckLS_60min_DrM27cm,"1:C,5",2
2017_July_10_bivalves_143,G017,C:\Xcalibur\Data\Collaborators\Nunn\Emma\data_378,C:\Xcalibur\Data\Collaborators\Nunn\Emma\methods\Vantage_nanoAcq_geoduckLS_60min_DrM27cm,"1:C,6",2
2017_July_10_bivalves_144,G079,C:\Xcalibur\Data\Collaborators\Nunn\Emma\data_378,C:\Xcalibur\Data\Collaborators\Nunn\Emma\methods\Vantage_nanoAcq_geoduckLS_60min_DrM27cm,"1:C,7",2
2017_July_10_bivalves_QC31,PRTC+BSA,C:\Xcalibur\Data\Collaborators\Nunn\Emma\data_378,C:\Xcalibur\Data\Collaborators\Nunn\Emma\methods\Vantage_nanoAcq_prtcbsa53_60min_DrM27cm,"1:A,3
",3
2017_July_10_bivalves_145,blank,C:\Xcalibur\Data\Collaborators\Nunn\Emma\data_378,C:\Xcalibur\Data\Collaborators\Nunn\Emma\methods\Vantage_nanoAcq_blank_4min_DrM27cm,"1:A,2",3
2017_July_10_bivalves_146,G127,C:\Xcalibur\Data\Collaborators\Nunn\Emma\data_378,C:\Xcalibur\Data\Collaborators\Nunn\Emma\methods\Vantage_nanoAcq_geoduckLS_60min_DrM27cm,"1:C,8",2
2017_July_10_bivalves_147,G060,C:\Xcalibur\Data\Collaborators\Nunn\Emma\data_378,C:\Xcalibur\Data\Collaborators\Nunn\Emma\methods\Vantage_nanoAcq_geoduckLS_60min_DrM27cm,"1:D,1",2
2017_July_10_bivalves_148,G009,C:\Xcalibur\Data\Collaborators\Nunn\Emma\data_378,C:\Xcalibur\Data\Collaborators\Nunn\Emma\methods\Vantage_nanoAcq_geoduckLS_60min_DrM27cm,"1:D,2",2
2017_July_10_bivalves_149,G002,C:\Xcalibur\Data\Collaborators\Nunn\Emma\data_378,C:\Xcalibur\Data\Collaborators\Nunn\Emma\methods\Vantage_nanoAcq_geoduckLS_60min_DrM27cm,"1:D,3",2
2017_July_10_bivalves_150,G128,C:\Xcalibur\Data\Collaborators\Nunn\Emma\data_378,C:\Xcalibur\Data\Collaborators\Nunn\Emma\methods\Vantage_nanoAcq_geoduckLS_60min_DrM27cm,"1:D,4",2
2017_July_10_bivalves_QC32,PRTC+BSA,C:\Xcalibur\Data\Collaborators\Nunn\Emma\data_378,C:\Xcalibur\Data\Collaborators\Nunn\Emma\methods\Vantage_nanoAcq_prtcbsa53_60min_DrM27cm,"1:A,3
",3
2017_July_10_bivalves_151,blank,C:\Xcalibur\Data\Collaborators\Nunn\Emma\data_378,C:\Xcalibur\Data\Collaborators\Nunn\Emma\methods\Vantage_nanoAcq_blank_4min_DrM27cm,"1:A,2",3
2017_July_10_bivalves_152,G016,C:\Xcalibur\Data\Collaborators\Nunn\Emma\data_378,C:\Xcalibur\Data\Collaborators\Nunn\Emma\methods\Vantage_nanoAcq_geoduckLS_60min_DrM27cm,"1:D,5",2
2017_July_10_bivalves_153,G071-A,C:\Xcalibur\Data\Collaborators\Nunn\Emma\data_378,C:\Xcalibur\Data\Collaborators\Nunn\Emma\methods\Vantage_nanoAcq_geoduckLS_60min_DrM27cm,"1:D,6",2
2017_July_10_bivalves_154,G114,C:\Xcalibur\Data\Collaborators\Nunn\Emma\data_378,C:\Xcalibur\Data\Collaborators\Nunn\Emma\methods\Vantage_nanoAcq_geoduckLS_60min_DrM27cm,"1:D,7",2
2017_July_10_bivalves_155,G045,C:\Xcalibur\Data\Collaborators\Nunn\Emma\data_378,C:\Xcalibur\Data\Collaborators\Nunn\Emma\methods\Vantage_nanoAcq_geoduckLS_60min_DrM27cm,"1:D,8",2
2017_July_10_bivalves_156,G132,C:\Xcalibur\Data\Collaborators\Nunn\Emma\data_378,C:\Xcalibur\Data\Collaborators\Nunn\Emma\methods\Vantage_nanoAcq_geoduckLS_60min_DrM27cm,"1:E,1",2
2017_July_10_bivalves_QC33,PRTC+BSA,C:\Xcalibur\Data\Collaborators\Nunn\Emma\data_378,C:\Xcalibur\Data\Collaborators\Nunn\Emma\methods\Vantage_nanoAcq_prtcbsa53_60min_DrM27cm,"1:A,3
",3
2017_July_10_bivalves_157,blank,C:\Xcalibur\Data\Collaborators\Nunn\Emma\data_378,C:\Xcalibur\Data\Collaborators\Nunn\Emma\methods\Vantage_nanoAcq_blank_4min_DrM27cm,"1:A,2",3
2017_July_10_bivalves_158,G031,C:\Xcalibur\Data\Collaborators\Nunn\Emma\data_378,C:\Xcalibur\Data\Collaborators\Nunn\Emma\methods\Vantage_nanoAcq_geoduckLS_60min_DrM27cm,"1:E,2",2
2017_July_10_bivalves_159,G012,C:\Xcalibur\Data\Collaborators\Nunn\Emma\data_378,C:\Xcalibur\Data\Collaborators\Nunn\Emma\methods\Vantage_nanoAcq_geoduckLS_60min_DrM27cm,"1:E,3",2
2017_July_10_bivalves_160,G116,C:\Xcalibur\Data\Collaborators\Nunn\Emma\data_378,C:\Xcalibur\Data\Collaborators\Nunn\Emma\methods\Vantage_nanoAcq_geoduckLS_60min_DrM27cm,"1:E,4",2
2017_July_10_bivalves_161,G043,C:\Xcalibur\Data\Collaborators\Nunn\Emma\data_378,C:\Xcalibur\Data\Collaborators\Nunn\Emma\methods\Vantage_nanoAcq_geoduckLS_60min_DrM27cm,"1:E,5",2
2017_July_10_bivalves_162,G015,C:\Xcalibur\Data\Collaborators\Nunn\Emma\data_378,C:\Xcalibur\Data\Collaborators\Nunn\Emma\methods\Vantage_nanoAcq_geoduckLS_60min_DrM27cm,"1:E,6",2
2017_July_10_bivalves_QC34,PRTC+BSA,C:\Xcalibur\Data\Collaborators\Nunn\Emma\data_378,C:\Xcalibur\Data\Collaborators\Nunn\Emma\methods\Vantage_nanoAcq_prtcbsa53_60min_DrM27cm,"1:A,3
",3
2017_July_10_bivalves_163,blank,C:\Xcalibur\Data\Collaborators\Nunn\Emma\data_378,C:\Xcalibur\Data\Collaborators\Nunn\Emma\methods\Vantage_nanoAcq_blank_4min_DrM27cm,"1:A,2",3
2017_July_10_bivalves_164,G040,C:\Xcalibur\Data\Collaborators\Nunn\Emma\data_378,C:\Xcalibur\Data\Collaborators\Nunn\Emma\methods\Vantage_nanoAcq_geoduckLS_60min_DrM27cm,"1:E,7",2
2017_July_10_bivalves_165,G110,C:\Xcalibur\Data\Collaborators\Nunn\Emma\data_378,C:\Xcalibur\Data\Collaborators\Nunn\Emma\methods\Vantage_nanoAcq_geoduckLS_60min_DrM27cm,"1:E,8",2
2017_July_10_bivalves_166,G008,C:\Xcalibur\Data\Collaborators\Nunn\Emma\data_378,C:\Xcalibur\Data\Collaborators\Nunn\Emma\methods\Vantage_nanoAcq_geoduckLS_60min_DrM27cm,"1:F,1",2
2017_July_10_bivalves_167,G109,C:\Xcalibur\Data\Collaborators\Nunn\Emma\data_378,C:\Xcalibur\Data\Collaborators\Nunn\Emma\methods\Vantage_nanoAcq_geoduckLS_60min_DrM27cm,"1:F,2",2
2017_July_10_bivalves_168,G122,C:\Xcalibur\Data\Collaborators\Nunn\Emma\data_378,C:\Xcalibur\Data\Collaborators\Nunn\Emma\methods\Vantage_nanoAcq_geoduckLS_60min_DrM27cm,"1:F,3",2
2017_July_10_bivalves_QC35,PRTC+BSA,C:\Xcalibur\Data\Collaborators\Nunn\Emma\data_378,C:\Xcalibur\Data\Collaborators\Nunn\Emma\methods\Vantage_nanoAcq_prtcbsa53_60min_DrM27cm,"1:A,3
",3
2017_July_10_bivalves_169,blank,C:\Xcalibur\Data\Collaborators\Nunn\Emma\data_378,C:\Xcalibur\Data\Collaborators\Nunn\Emma\methods\Vantage_nanoAcq_blank_4min_DrM27cm,"1:A,2",3
2017_July_10_bivalves_170,G041,C:\Xcalibur\Data\Collaborators\Nunn\Emma\data_378,C:\Xcalibur\Data\Collaborators\Nunn\Emma\methods\Vantage_nanoAcq_geoduckLS_60min_DrM27cm,"2:B,1",2
2017_July_10_bivalves_171,G066,C:\Xcalibur\Data\Collaborators\Nunn\Emma\data_378,C:\Xcalibur\Data\Collaborators\Nunn\Emma\methods\Vantage_nanoAcq_geoduckLS_60min_DrM27cm,"2:B,2",2
2017_July_10_bivalves_172,G105,C:\Xcalibur\Data\Collaborators\Nunn\Emma\data_378,C:\Xcalibur\Data\Collaborators\Nunn\Emma\methods\Vantage_nanoAcq_geoduckLS_60min_DrM27cm,"2:B,3",2
2017_July_10_bivalves_173,G032,C:\Xcalibur\Data\Collaborators\Nunn\Emma\data_378,C:\Xcalibur\Data\Collaborators\Nunn\Emma\methods\Vantage_nanoAcq_geoduckLS_60min_DrM27cm,"2:B,4",2
2017_July_10_bivalves_174,G129,C:\Xcalibur\Data\Collaborators\Nunn\Emma\data_378,C:\Xcalibur\Data\Collaborators\Nunn\Emma\methods\Vantage_nanoAcq_geoduckLS_60min_DrM27cm,"2:B,5",2
2017_July_10_bivalves_QC36,PRTC+BSA,C:\Xcalibur\Data\Collaborators\Nunn\Emma\data_378,C:\Xcalibur\Data\Collaborators\Nunn\Emma\methods\Vantage_nanoAcq_prtcbsa53_60min_DrM27cm,"1:A,3
",3
2017_July_10_bivalves_175,blank,C:\Xcalibur\Data\Collaborators\Nunn\Emma\data_378,C:\Xcalibur\Data\Collaborators\Nunn\Emma\methods\Vantage_nanoAcq_blank_4min_DrM27cm,"1:A,2",3
2017_July_10_bivalves_176,G054,C:\Xcalibur\Data\Collaborators\Nunn\Emma\data_378,C:\Xcalibur\Data\Collaborators\Nunn\Emma\methods\Vantage_nanoAcq_geoduckLS_60min_DrM27cm,"2:B,6",2
2017_July_10_bivalves_177,G081,C:\Xcalibur\Data\Collaborators\Nunn\Emma\data_378,C:\Xcalibur\Data\Collaborators\Nunn\Emma\methods\Vantage_nanoAcq_geoduckLS_60min_DrM27cm,"2:B,7",2
2017_July_10_bivalves_178,G003,C:\Xcalibur\Data\Collaborators\Nunn\Emma\data_378,C:\Xcalibur\Data\Collaborators\Nunn\Emma\methods\Vantage_nanoAcq_geoduckLS_60min_DrM27cm,"2:B,8",2
2017_July_10_bivalves_179,G074,C:\Xcalibur\Data\Collaborators\Nunn\Emma\data_378,C:\Xcalibur\Data\Collaborators\Nunn\Emma\methods\Vantage_nanoAcq_geoduckLS_60min_DrM27cm,"2:C,1",2
2017_July_10_bivalves_180,G014,C:\Xcalibur\Data\Collaborators\Nunn\Emma\data_378,C:\Xcalibur\Data\Collaborators\Nunn\Emma\methods\Vantage_nanoAcq_geoduckLS_60min_DrM27cm,"2:C,2",2
2017_July_10_bivalves_QC37,PRTC+BSA,C:\Xcalibur\Data\Collaborators\Nunn\Emma\data_378,C:\Xcalibur\Data\Collaborators\Nunn\Emma\methods\Vantage_nanoAcq_prtcbsa53_60min_DrM27cm,"1:A,3
",3
2017_July_10_bivalves_181,blank,C:\Xcalibur\Data\Collaborators\Nunn\Emma\data_378,C:\Xcalibur\Data\Collaborators\Nunn\Emma\methods\Vantage_nanoAcq_blank_4min_DrM27cm,"1:A,2",3
2017_July_10_bivalves_182,G049,C:\Xcalibur\Data\Collaborators\Nunn\Emma\data_378,C:\Xcalibur\Data\Collaborators\Nunn\Emma\methods\Vantage_nanoAcq_geoduckLS_60min_DrM27cm,"2:C,3",2
2017_July_10_bivalves_183,G053,C:\Xcalibur\Data\Collaborators\Nunn\Emma\data_378,C:\Xcalibur\Data\Collaborators\Nunn\Emma\methods\Vantage_nanoAcq_geoduckLS_60min_DrM27cm,"2:C,4",2
2017_July_10_bivalves_184,G104,C:\Xcalibur\Data\Collaborators\Nunn\Emma\data_378,C:\Xcalibur\Data\Collaborators\Nunn\Emma\methods\Vantage_nanoAcq_geoduckLS_60min_DrM27cm,"2:C,5",2
2017_July_10_bivalves_185,G055,C:\Xcalibur\Data\Collaborators\Nunn\Emma\data_378,C:\Xcalibur\Data\Collaborators\Nunn\Emma\methods\Vantage_nanoAcq_geoduckLS_60min_DrM27cm,"2:C,6",2
2017_July_10_bivalves_186,G042,C:\Xcalibur\Data\Collaborators\Nunn\Emma\data_378,C:\Xcalibur\Data\Collaborators\Nunn\Emma\methods\Vantage_nanoAcq_geoduckLS_60min_DrM27cm,"2:C,7",2
2017_July_10_bivalves_QC38,PRTC+BSA,C:\Xcalibur\Data\Collaborators\Nunn\Emma\data_378,C:\Xcalibur\Data\Collaborators\Nunn\Emma\methods\Vantage_nanoAcq_prtcbsa53_60min_DrM27cm,"1:A,3
",3
2017_July_10_bivalves_187,blank,C:\Xcalibur\Data\Collaborators\Nunn\Emma\data_378,C:\Xcalibur\Data\Collaborators\Nunn\Emma\methods\Vantage_nanoAcq_blank_4min_DrM27cm,"1:A,2",3
2017_July_10_bivalves_188,G064,C:\Xcalibur\Data\Collaborators\Nunn\Emma\data_378,C:\Xcalibur\Data\Collaborators\Nunn\Emma\methods\Vantage_nanoAcq_geoduckLS_60min_DrM27cm,"2:C,8",2
2017_July_10_bivalves_189,G073,C:\Xcalibur\Data\Collaborators\Nunn\Emma\data_378,C:\Xcalibur\Data\Collaborators\Nunn\Emma\methods\Vantage_nanoAcq_geoduckLS_60min_DrM27cm,"2:D,1",2
2017_July_10_bivalves_190,G057,C:\Xcalibur\Data\Collaborators\Nunn\Emma\data_378,C:\Xcalibur\Data\Collaborators\Nunn\Emma\methods\Vantage_nanoAcq_geoduckLS_60min_DrM27cm,"2:D,2",2
2017_July_10_bivalves_191,G007,C:\Xcalibur\Data\Collaborators\Nunn\Emma\data_378,C:\Xcalibur\Data\Collaborators\Nunn\Emma\methods\Vantage_nanoAcq_geoduckLS_60min_DrM27cm,"2:D,3",2
2017_July_10_bivalves_192,G070,C:\Xcalibur\Data\Collaborators\Nunn\Emma\data_378,C:\Xcalibur\Data\Collaborators\Nunn\Emma\methods\Vantage_nanoAcq_geoduckLS_60min_DrM27cm,"2:D,4",2
2017_July_10_bivalves_QC39,PRTC+BSA,C:\Xcalibur\Data\Collaborators\Nunn\Emma\data_378,C:\Xcalibur\Data\Collaborators\Nunn\Emma\methods\Vantage_nanoAcq_prtcbsa53_60min_DrM27cm,"1:A,3
",3
2017_July_10_bivalves_193,blank,C:\Xcalibur\Data\Collaborators\Nunn\Emma\data_378,C:\Xcalibur\Data\Collaborators\Nunn\Emma\methods\Vantage_nanoAcq_blank_4min_DrM27cm,"1:A,2",3
2017_July_10_bivalves_194,G001,C:\Xcalibur\Data\Collaborators\Nunn\Emma\data_378,C:\Xcalibur\Data\Collaborators\Nunn\Emma\methods\Vantage_nanoAcq_geoduckLS_60min_DrM27cm,"2:D,5",2
2017_July_10_bivalves_195,G071-B,C:\Xcalibur\Data\Collaborators\Nunn\Emma\data_378,C:\Xcalibur\Data\Collaborators\Nunn\Emma\methods\Vantage_nanoAcq_geoduckLS_60min_DrM27cm,"2:D,6",2
2017_July_10_bivalves_196,G062,C:\Xcalibur\Data\Collaborators\Nunn\Emma\data_378,C:\Xcalibur\Data\Collaborators\Nunn\Emma\methods\Vantage_nanoAcq_geoduckLS_60min_DrM27cm,"2:D,7",2
2017_July_10_bivalves_197,G013,C:\Xcalibur\Data\Collaborators\Nunn\Emma\data_378,C:\Xcalibur\Data\Collaborators\Nunn\Emma\methods\Vantage_nanoAcq_geoduckLS_60min_DrM27cm,"1:C,3",2
2017_July_10_bivalves_198,G120,C:\Xcalibur\Data\Collaborators\Nunn\Emma\data_378,C:\Xcalibur\Data\Collaborators\Nunn\Emma\methods\Vantage_nanoAcq_geoduckLS_60min_DrM27cm,"1:C,4",2
2017_July_10_bivalves_QC40,PRTC+BSA,C:\Xcalibur\Data\Collaborators\Nunn\Emma\data_378,C:\Xcalibur\Data\Collaborators\Nunn\Emma\methods\Vantage_nanoAcq_prtcbsa53_60min_DrM27cm,"1:A,3
",3
2017_July_10_bivalves_199,blank,C:\Xcalibur\Data\Collaborators\Nunn\Emma\data_378,C:\Xcalibur\Data\Collaborators\Nunn\Emma\methods\Vantage_nanoAcq_blank_4min_DrM27cm,"1:A,2",3
2017_July_10_bivalves_200,blank,C:\Xcalibur\Data\Collaborators\Nunn\Emma\data_378,C:\Xcalibur\Data\Collaborators\Nunn\Emma\methods\Vantage_nanoAcq_blank_4min_DrM27cm,"1:A,2",3
2017_July_10_bivalves_QC41,PRTC+BSA,C:\Xcalibur\Data\Collaborators\Nunn\Emma\data_378,C:\Xcalibur\Data\Collaborators\Nunn\Emma\methods\Vantage_nanoAcq_prtcbsa53_60min_DrM27cm,"1:A,4",3
2017_July_10_bivalves_QC42,PRTC+BSA,C:\Xcalibur\Data\Collaborators\Nunn\Emma\data_378,C:\Xcalibur\Data\Collaborators\Nunn\Emma\methods\Vantage_nanoAcq_prtcbsa53_60min_DrM27cm,"1:A,4",3
2017_July_10_bivalves_QC43,PRTC+BSA,C:\Xcalibur\Data\Collaborators\Nunn\Emma\data_378,C:\Xcalibur\Data\Collaborators\Nunn\Emma\methods\Vantage_nanoAcq_prtcbsa53_60min_DrM27cm,"1:A,4",3
2017_July_10_bivalves_201,G062,C:\Xcalibur\Data\Collaborators\Nunn\Emma\data_378,C:\Xcalibur\Data\Collaborators\Nunn\Emma\methods\Vantage_nanoAcq_geoduckLS_60min_DrM27cm,"2:D,7",2
2017_July_10_bivalves_202,G013,C:\Xcalibur\Data\Collaborators\Nunn\Emma\data_378,C:\Xcalibur\Data\Collaborators\Nunn\Emma\methods\Vantage_nanoAcq_geoduckLS_60min_DrM27cm,"1:C,3",2
2017_July_10_bivalves_203,G120,C:\Xcalibur\Data\Collaborators\Nunn\Emma\data_378,C:\Xcalibur\Data\Collaborators\Nunn\Emma\methods\Vantage_nanoAcq_geoduckLS_60min_DrM27cm,"1:C,4",2
2017_July_10_bivalves_204,G047,C:\Xcalibur\Data\Collaborators\Nunn\Emma\data_378,C:\Xcalibur\Data\Collaborators\Nunn\Emma\methods\Vantage_nanoAcq_geoduckLS_60min_DrM27cm,"1:C,5",2
2017_July_10_bivalves_205,G017,C:\Xcalibur\Data\Collaborators\Nunn\Emma\data_378,C:\Xcalibur\Data\Collaborators\Nunn\Emma\methods\Vantage_nanoAcq_geoduckLS_60min_DrM27cm,"1:C,6",2
2017_July_10_bivalves_206,blank,C:\Xcalibur\Data\Collaborators\Nunn\Emma\data_378,C:\Xcalibur\Data\Collaborators\Nunn\Emma\methods\Vantage_nanoAcq_blank_4min_DrM27cm,"1:A,2",3
2017_July_10_bivalves_QC44,PRTC+BSA,C:\Xcalibur\Data\Collaborators\Nunn\Emma\data_378,C:\Xcalibur\Data\Collaborators\Nunn\Emma\methods\Vantage_nanoAcq_prtcbsa53_60min_DrM27cm,"1:A,4",3
2017_July_10_bivalves_207,G079,C:\Xcalibur\Data\Collaborators\Nunn\Emma\data_378,C:\Xcalibur\Data\Collaborators\Nunn\Emma\methods\Vantage_nanoAcq_geoduckLS_60min_DrM27cm,"1:C,7",2
2017_July_10_bivalves_208,G127,C:\Xcalibur\Data\Collaborators\Nunn\Emma\data_378,C:\Xcalibur\Data\Collaborators\Nunn\Emma\methods\Vantage_nanoAcq_geoduckLS_60min_DrM27cm,"1:C,8",2
,,,,,0
,,,,,0
,,,,,0
2017_July_10_bivalves_212,G053,C:\Xcalibur\Data\Collaborators\Nunn\Emma\data_378,C:\Xcalibur\Data\Collaborators\Nunn\Emma\methods\Vantage_nanoAcq_geoduckLS_60min_DrM27cm,"2:C,4",2
2017_July_10_bivalves_213,G104,C:\Xcalibur\Data\Collaborators\Nunn\Emma\data_378,C:\Xcalibur\Data\Collaborators\Nunn\Emma\methods\Vantage_nanoAcq_geoduckLS_60min_DrM27cm,"2:C,5",2
,,,,,0
,,,,,0
,,,,,0
,,,,,0
,,,,,0
,,,,,0
,,,,,0
,,,,,0
,,,,,0
,,,,,0
2017_July_10_bivalves_219,blank,C:\Xcalibur\Data\Collaborators\Nunn\Emma\data_378,C:\Xcalibur\Data\Collaborators\Nunn\Emma\methods\Vantage_nanoAcq_blank_4min_DrM27cm,"1:A,5",3
2017_July_10_bivalves_QC45,PRTC+BSA,C:\Xcalibur\Data\Collaborators\Nunn\Emma\data_378,C:\Xcalibur\Data\Collaborators\Nunn\Emma\methods\Vantage_nanoAcq_prtcbsa53_60min_DrM27cm,"1:A,4",3
2017_July_10_bivalves_220,G060,C:\Xcalibur\Data\Collaborators\Nunn\Emma\data_378,C:\Xcalibur\Data\Collaborators\Nunn\Emma\methods\Vantage_nanoAcq_geoduckLS_60min_DrM27cm,"1:D,1",2
2017_July_10_bivalves_221,G009,C:\Xcalibur\Data\Collaborators\Nunn\Emma\data_378,C:\Xcalibur\Data\Collaborators\Nunn\Emma\methods\Vantage_nanoAcq_geoduckLS_60min_DrM27cm,"1:D,2",2
2017_July_10_bivalves_222,G002,C:\Xcalibur\Data\Collaborators\Nunn\Emma\data_378,C:\Xcalibur\Data\Collaborators\Nunn\Emma\methods\Vantage_nanoAcq_geoduckLS_60min_DrM27cm,"1:D,3",2
2017_July_10_bivalves_223,G128,C:\Xcalibur\Data\Collaborators\Nunn\Emma\data_378,C:\Xcalibur\Data\Collaborators\Nunn\Emma\methods\Vantage_nanoAcq_geoduckLS_60min_DrM27cm,"1:D,4",2
2017_July_10_bivalves_224,G016,C:\Xcalibur\Data\Collaborators\Nunn\Emma\data_378,C:\Xcalibur\Data\Collaborators\Nunn\Emma\methods\Vantage_nanoAcq_geoduckLS_60min_DrM27cm,"1:D,5",2
2017_July_10_bivalves_QC46,PRTC+BSA,C:\Xcalibur\Data\Collaborators\Nunn\Emma\data_378,C:\Xcalibur\Data\Collaborators\Nunn\Emma\methods\Vantage_nanoAcq_prtcbsa53_60min_DrM27cm,"1:A,4",3
2017_July_10_bivalves_225,blank,C:\Xcalibur\Data\Collaborators\Nunn\Emma\data_378,C:\Xcalibur\Data\Collaborators\Nunn\Emma\methods\Vantage_nanoAcq_blank_4min_DrM27cm,"1:A,5",3
2017_July_10_bivalves_226,G071-A,C:\Xcalibur\Data\Collaborators\Nunn\Emma\data_378,C:\Xcalibur\Data\Collaborators\Nunn\Emma\methods\Vantage_nanoAcq_geoduckLS_60min_DrM27cm,"1:D,6",2
2017_July_10_bivalves_227,G114,C:\Xcalibur\Data\Collaborators\Nunn\Emma\data_378,C:\Xcalibur\Data\Collaborators\Nunn\Emma\methods\Vantage_nanoAcq_geoduckLS_60min_DrM27cm,"1:D,7",2
2017_July_10_bivalves_228,G045,C:\Xcalibur\Data\Collaborators\Nunn\Emma\data_378,C:\Xcalibur\Data\Collaborators\Nunn\Emma\methods\Vantage_nanoAcq_geoduckLS_60min_DrM27cm,"1:D,8",2
2017_July_10_bivalves_229,G132,C:\Xcalibur\Data\Collaborators\Nunn\Emma\data_378,C:\Xcalibur\Data\Collaborators\Nunn\Emma\methods\Vantage_nanoAcq_geoduckLS_60min_DrM27cm,"1:E,1",2
2017_July_10_bivalves_230,G031,C:\Xcalibur\Data\Collaborators\Nunn\Emma\data_378,C:\Xcalibur\Data\Collaborators\Nunn\Emma\methods\Vantage_nanoAcq_geoduckLS_60min_DrM27cm,"1:E,2",2
2017_July_10_bivalves_QC47,PRTC+BSA,C:\Xcalibur\Data\Collaborators\Nunn\Emma\data_378,C:\Xcalibur\Data\Collaborators\Nunn\Emma\methods\Vantage_nanoAcq_prtcbsa53_60min_DrM27cm,"1:A,4",3
2017_July_10_bivalves_231,blank,C:\Xcalibur\Data\Collaborators\Nunn\Emma\data_378,C:\Xcalibur\Data\Collaborators\Nunn\Emma\methods\Vantage_nanoAcq_blank_4min_DrM27cm,"1:A,5",3
2017_July_10_bivalves_232,G132,C:\Xcalibur\Data\Collaborators\Nunn\Emma\data_378,C:\Xcalibur\Data\Collaborators\Nunn\Emma\methods\Vantage_nanoAcq_geoduckLS_60min_DrM27cm,"1:E,1",2
2017_July_10_bivalves_233,G031,C:\Xcalibur\Data\Collaborators\Nunn\Emma\data_378,C:\Xcalibur\Data\Collaborators\Nunn\Emma\methods\Vantage_nanoAcq_geoduckLS_60min_DrM27cm,"1:E,2",2
2017_July_10_bivalves_234,G012,C:\Xcalibur\Data\Collaborators\Nunn\Emma\data_378,C:\Xcalibur\Data\Collaborators\Nunn\Emma\methods\Vantage_nanoAcq_geoduckLS_60min_DrM27cm,"1:E,3",2
2017_July_10_bivalves_235,G116,C:\Xcalibur\Data\Collaborators\Nunn\Emma\data_378,C:\Xcalibur\Data\Collaborators\Nunn\Emma\methods\Vantage_nanoAcq_geoduckLS_60min_DrM27cm,"1:E,4",2
2017_July_10_bivalves_236,G043,C:\Xcalibur\Data\Collaborators\Nunn\Emma\data_378,C:\Xcalibur\Data\Collaborators\Nunn\Emma\methods\Vantage_nanoAcq_geoduckLS_60min_DrM27cm,"1:E,5",2
2017_July_10_bivalves_QC48,PRTC+BSA,C:\Xcalibur\Data\Collaborators\Nunn\Emma\data_378,C:\Xcalibur\Data\Collaborators\Nunn\Emma\methods\Vantage_nanoAcq_prtcbsa53_60min_DrM27cm,"1:A,4",3
2017_July_10_bivalves_237,blank,C:\Xcalibur\Data\Collaborators\Nunn\Emma\data_378,C:\Xcalibur\Data\Collaborators\Nunn\Emma\methods\Vantage_nanoAcq_blank_4min_DrM27cm,"1:A,5",3
2017_July_10_bivalves_238,G015,C:\Xcalibur\Data\Collaborators\Nunn\Emma\data_378,C:\Xcalibur\Data\Collaborators\Nunn\Emma\methods\Vantage_nanoAcq_geoduckLS_60min_DrM27cm,"1:E,6",2
2017_July_10_bivalves_239,G040,C:\Xcalibur\Data\Collaborators\Nunn\Emma\data_378,C:\Xcalibur\Data\Collaborators\Nunn\Emma\methods\Vantage_nanoAcq_geoduckLS_60min_DrM27cm,"1:E,7",2
2017_July_10_bivalves_240,G110,C:\Xcalibur\Data\Collaborators\Nunn\Emma\data_378,C:\Xcalibur\Data\Collaborators\Nunn\Emma\methods\Vantage_nanoAcq_geoduckLS_60min_DrM27cm,"1:E,8",2
2017_July_10_bivalves_241,G008,C:\Xcalibur\Data\Collaborators\Nunn\Emma\data_378,C:\Xcalibur\Data\Collaborators\Nunn\Emma\methods\Vantage_nanoAcq_geoduckLS_60min_DrM27cm,"1:F,1",2
2017_July_10_bivalves_242,G109,C:\Xcalibur\Data\Collaborators\Nunn\Emma\data_378,C:\Xcalibur\Data\Collaborators\Nunn\Emma\methods\Vantage_nanoAcq_geoduckLS_60min_DrM27cm,"1:F,2",2
2017_July_10_bivalves_QC49,PRTC+BSA,C:\Xcalibur\Data\Collaborators\Nunn\Emma\data_378,C:\Xcalibur\Data\Collaborators\Nunn\Emma\methods\Vantage_nanoAcq_prtcbsa53_60min_DrM27cm,"1:A,4",3
2017_July_10_bivalves_243,blank,C:\Xcalibur\Data\Collaborators\Nunn\Emma\data_378,C:\Xcalibur\Data\Collaborators\Nunn\Emma\methods\Vantage_nanoAcq_blank_4min_DrM27cm,"1:A,5",3
,,,,,0
,,,,,0
2017_July_10_bivalves_QC50,PRTC+BSA,C:\Xcalibur\Data\Collaborators\Nunn\Emma\data_378,C:\Xcalibur\Data\Collaborators\Nunn\Emma\methods\Vantage_nanoAcq_prtcbsa53_60min_DrM27cm,"1:A,4",3
,,,,,0
,,,,,0
,,,,,0
,,,,,0
2017_July_10_bivalves_244,blank,C:\Xcalibur\Data\Collaborators\Nunn\Emma\data_378,C:\Xcalibur\Data\Collaborators\Nunn\Emma\methods\Vantage_nanoAcq_blank_4min_DrM27cm,"1:A,5",3
2017_July_10_bivalves_245,G041,C:\Xcalibur\Data\Collaborators\Nunn\Emma\data_378,C:\Xcalibur\Data\Collaborators\Nunn\Emma\methods\Vantage_nanoAcq_geoduckLS_60min_DrM27cm,"2:B,1",2
2017_July_10_bivalves_246,G066,C:\Xcalibur\Data\Collaborators\Nunn\Emma\data_378,C:\Xcalibur\Data\Collaborators\Nunn\Emma\methods\Vantage_nanoAcq_geoduckLS_60min_DrM27cm,"2:B,2",2
2017_July_10_bivalves_247,G105,C:\Xcalibur\Data\Collaborators\Nunn\Emma\data_378,C:\Xcalibur\Data\Collaborators\Nunn\Emma\methods\Vantage_nanoAcq_geoduckLS_60min_DrM27cm,"2:B,3",2
2017_July_10_bivalves_248,G032,C:\Xcalibur\Data\Collaborators\Nunn\Emma\data_378,C:\Xcalibur\Data\Collaborators\Nunn\Emma\methods\Vantage_nanoAcq_geoduckLS_60min_DrM27cm,"2:B,4",2
2017_July_10_bivalves_249,G122,C:\Xcalibur\Data\Collaborators\Nunn\Emma\data_378,C:\Xcalibur\Data\Collaborators\Nunn\Emma\methods\Vantage_nanoAcq_geoduckLS_60min_DrM27cm,"1:F,3",2
2017_July_10_bivalves_QC51,PRTC+BSA,C:\Xcalibur\Data\Collaborators\Nunn\Emma\data_378,C:\Xcalibur\Data\Collaborators\Nunn\Emma\methods\Vantage_nanoAcq_prtcbsa53_60min_DrM27cm,"1:A,6",3
2017_July_10_bivalves_250,blank,C:\Xcalibur\Data\Collaborators\Nunn\Emma\data_378,C:\Xcalibur\Data\Collaborators\Nunn\Emma\methods\Vantage_nanoAcq_blank_4min_DrM27cm,"1:A,5",3
2017_July_10_bivalves_251,G129,C:\Xcalibur\Data\Collaborators\Nunn\Emma\data_378,C:\Xcalibur\Data\Collaborators\Nunn\Emma\methods\Vantage_nanoAcq_geoduckLS_60min_DrM27cm,"2:B,5",2
2017_July_10_bivalves_252,G054,C:\Xcalibur\Data\Collaborators\Nunn\Emma\data_378,C:\Xcalibur\Data\Collaborators\Nunn\Emma\methods\Vantage_nanoAcq_geoduckLS_60min_DrM27cm,"2:B,6",2
2017_July_10_bivalves_253,G081,C:\Xcalibur\Data\Collaborators\Nunn\Emma\data_378,C:\Xcalibur\Data\Collaborators\Nunn\Emma\methods\Vantage_nanoAcq_geoduckLS_60min_DrM27cm,"2:B,7",2
2017_July_10_bivalves_254,G003,C:\Xcalibur\Data\Collaborators\Nunn\Emma\data_378,C:\Xcalibur\Data\Collaborators\Nunn\Emma\methods\Vantage_nanoAcq_geoduckLS_60min_DrM27cm,"2:B,8",2
2017_July_10_bivalves_255,G074,C:\Xcalibur\Data\Collaborators\Nunn\Emma\data_378,C:\Xcalibur\Data\Collaborators\Nunn\Emma\methods\Vantage_nanoAcq_geoduckLS_60min_DrM27cm,"2:C,1",2
2017_July_10_bivalves_QC52,PRTC+BSA,C:\Xcalibur\Data\Collaborators\Nunn\Emma\data_378,C:\Xcalibur\Data\Collaborators\Nunn\Emma\methods\Vantage_nanoAcq_prtcbsa53_60min_DrM27cm,"1:A,6",3
2017_July_10_bivalves_256,blank,C:\Xcalibur\Data\Collaborators\Nunn\Emma\data_378,C:\Xcalibur\Data\Collaborators\Nunn\Emma\methods\Vantage_nanoAcq_blank_4min_DrM27cm,"1:A,5",3
2017_July_10_bivalves_257,G014,C:\Xcalibur\Data\Collaborators\Nunn\Emma\data_378,C:\Xcalibur\Data\Collaborators\Nunn\Emma\methods\Vantage_nanoAcq_geoduckLS_60min_DrM27cm,"2:C,2",2
2017_July_10_bivalves_258,G049,C:\Xcalibur\Data\Collaborators\Nunn\Emma\data_378,C:\Xcalibur\Data\Collaborators\Nunn\Emma\methods\Vantage_nanoAcq_geoduckLS_60min_DrM27cm,"2:C,3",2
2017_July_10_bivalves_259,G064,C:\Xcalibur\Data\Collaborators\Nunn\Emma\data_378,C:\Xcalibur\Data\Collaborators\Nunn\Emma\methods\Vantage_nanoAcq_geoduckLS_60min_DrM27cm,"2:C,8",2
2017_July_10_bivalves_260,G073,C:\Xcalibur\Data\Collaborators\Nunn\Emma\data_378,C:\Xcalibur\Data\Collaborators\Nunn\Emma\methods\Vantage_nanoAcq_geoduckLS_60min_DrM27cm,"2:D,1",2
2017_July_10_bivalves_261,G007,C:\Xcalibur\Data\Collaborators\Nunn\Emma\data_378,C:\Xcalibur\Data\Collaborators\Nunn\Emma\methods\Vantage_nanoAcq_geoduckLS_60min_DrM27cm,"2:D,3",2
2017_July_10_bivalves_QC53,PRTC+BSA,C:\Xcalibur\Data\Collaborators\Nunn\Emma\data_378,C:\Xcalibur\Data\Collaborators\Nunn\Emma\methods\Vantage_nanoAcq_prtcbsa53_60min_DrM27cm,"1:A,6",3
2017_July_10_bivalves_262,blank,C:\Xcalibur\Data\Collaborators\Nunn\Emma\data_378,C:\Xcalibur\Data\Collaborators\Nunn\Emma\methods\Vantage_nanoAcq_blank_4min_DrM27cm,"1:A,5",3
2017_July_10_bivalves_263,G001,C:\Xcalibur\Data\Collaborators\Nunn\Emma\data_378,C:\Xcalibur\Data\Collaborators\Nunn\Emma\methods\Vantage_nanoAcq_geoduckLS_60min_DrM27cm,"2:D,5",2
2017_July_10_bivalves_264,G071-B,C:\Xcalibur\Data\Collaborators\Nunn\Emma\data_378,C:\Xcalibur\Data\Collaborators\Nunn\Emma\methods\Vantage_nanoAcq_geoduckLS_60min_DrM27cm,"2:D,6",2
2017_July_10_bivalves_265,G062,C:\Xcalibur\Data\Collaborators\Nunn\Emma\data_378,C:\Xcalibur\Data\Collaborators\Nunn\Emma\methods\Vantage_nanoAcq_geoduckLS_60min_DrM27cm,"2:D,7",2
2017_July_10_bivalves_266,G128,C:\Xcalibur\Data\Collaborators\Nunn\Emma\data_378,C:\Xcalibur\Data\Collaborators\Nunn\Emma\methods\Vantage_nanoAcq_geoduckLS_60min_DrM27cm,"1:D,4",2
2017_July_10_bivalves_267,G055,C:\Xcalibur\Data\Collaborators\Nunn\Emma\data_378,C:\Xcalibur\Data\Collaborators\Nunn\Emma\methods\Vantage_nanoAcq_geoduckLS_60min_DrM27cm,"2:C,6",2
2017_July_10_bivalves_QC54,PRTC+BSA,C:\Xcalibur\Data\Collaborators\Nunn\Emma\data_378,C:\Xcalibur\Data\Collaborators\Nunn\Emma\methods\Vantage_nanoAcq_prtcbsa53_60min_DrM27cm,"1:A,6",3
2017_July_10_bivalves_268,blank,C:\Xcalibur\Data\Collaborators\Nunn\Emma\data_378,C:\Xcalibur\Data\Collaborators\Nunn\Emma\methods\Vantage_nanoAcq_blank_4min_DrM27cm,"1:A,5",3
2017_July_10_bivalves_270,G042,C:\Xcalibur\Data\Collaborators\Nunn\Emma\data_378,C:\Xcalibur\Data\Collaborators\Nunn\Emma\methods\Vantage_nanoAcq_geoduckLS_60min_DrM27cm,"2:C,7",2
2017_July_10_bivalves_271,G057,C:\Xcalibur\Data\Collaborators\Nunn\Emma\data_378,C:\Xcalibur\Data\Collaborators\Nunn\Emma\methods\Vantage_nanoAcq_geoduckLS_60min_DrM27cm,"2:D,2",2
2017_July_10_bivalves_272,G070,C:\Xcalibur\Data\Collaborators\Nunn\Emma\data_378,C:\Xcalibur\Data\Collaborators\Nunn\Emma\methods\Vantage_nanoAcq_geoduckLS_60min_DrM27cm,"2:D,4",2
2017_July_10_bivalves_273,Gblank,C:\Xcalibur\Data\Collaborators\Nunn\Emma\data_378,C:\Xcalibur\Data\Collaborators\Nunn\Emma\methods\Vantage_nanoAcq_geoduckLS_60min_DrM27cm,"2:E,1",2
2017_July_10_bivalves_274,Oblank,C:\Xcalibur\Data\Collaborators\Nunn\Emma\data_378,C:\Xcalibur\Data\Collaborators\Nunn\Emma\methods\Vantage_nanoAcq_geoduckLS_60min_DrM27cm,"2:E,2",2
2017_July_10_bivalves_QC55,PRTC+BSA,C:\Xcalibur\Data\Collaborators\Nunn\Emma\data_378,C:\Xcalibur\Data\Collaborators\Nunn\Emma\methods\Vantage_nanoAcq_prtcbsa53_60min_DrM27cm,"1:A,6",3
2017_July_10_bivalves_275,blank,C:\Xcalibur\Data\Collaborators\Nunn\Emma\data_378,C:\Xcalibur\Data\Collaborators\Nunn\Emma\methods\Vantage_nanoAcq_blank_4min_DrM27cm,"1:A,5",3
2017_July_10_bivalves_276,Gblank,C:\Xcalibur\Data\Collaborators\Nunn\Emma\data_378,C:\Xcalibur\Data\Collaborators\Nunn\Emma\methods\Vantage_nanoAcq_geoduckLS_60min_DrM27cm,"2:E,1",2
2017_July_10_bivalves_277,Oblank,C:\Xcalibur\Data\Collaborators\Nunn\Emma\data_378,C:\Xcalibur\Data\Collaborators\Nunn\Emma\methods\Vantage_nanoAcq_geoduckLS_60min_DrM27cm,"2:E,2",2
2017_July_10_bivalves_278,Oblank,C:\Xcalibur\Data\Collaborators\Nunn\Emma\data_378,C:\Xcalibur\Data\Collaborators\Nunn\Emma\methods\Vantage_nanoAcq_oysterYV_60min_DrM27cm,"2:E,2",2
2017_July_10_bivalves_279,Oblank,C:\Xcalibur\Data\Collaborators\Nunn\Emma\data_378,C:\Xcalibur\Data\Collaborators\Nunn\Emma\methods\Vantage_nanoAcq_oysterYV_60min_DrM27cm,"2:E,2",2
2017_July_10_bivalves_280,blank,C:\Xcalibur\Data\Collaborators\Nunn\Emma\data_378,C:\Xcalibur\Data\Collaborators\Nunn\Emma\methods\Vantage_nanoAcq_blank_4min_DrM27cm,"1:A,5",3
2017_July_10_bivalves_D1-O,Dilution1-Oyster,C:\Xcalibur\Data\Collaborators\Nunn\Emma\data_378,C:\Xcalibur\Data\Collaborators\Nunn\Emma\methods\Vantage_nanoAcq_oysterYV_60min_DrM27cm,"1:B,1",2
2017_July_10_bivalves_D1-G,Dilution1-Geoduck,C:\Xcalibur\Data\Collaborators\Nunn\Emma\data_378,C:\Xcalibur\Data\Collaborators\Nunn\Emma\methods\Vantage_nanoAcq_geoduckLS_60min_DrM27cm,"1:B,1",2
2017_July_10_bivalves_D2-O,Dilution2-Oyster,C:\Xcalibur\Data\Collaborators\Nunn\Emma\data_378,C:\Xcalibur\Data\Collaborators\Nunn\Emma\methods\Vantage_nanoAcq_oysterYV_60min_DrM27cm,"1:B,2",2
2017_July_10_bivalves_D2-G,Dilution2-Geoduck,C:\Xcalibur\Data\Collaborators\Nunn\Emma\data_378,C:\Xcalibur\Data\Collaborators\Nunn\Emma\methods\Vantage_nanoAcq_geoduckLS_60min_DrM27cm,"1:B,2",2
2017_July_10_bivalves_D3-O,Dilution3-Oyster,C:\Xcalibur\Data\Collaborators\Nunn\Emma\data_378,C:\Xcalibur\Data\Collaborators\Nunn\Emma\methods\Vantage_nanoAcq_oysterYV_60min_DrM27cm,"1:B,3",2
2017_July_10_bivalves_D3-G,Dilution3-Geoduck,C:\Xcalibur\Data\Collaborators\Nunn\Emma\data_378,C:\Xcalibur\Data\Collaborators\Nunn\Emma\methods\Vantage_nanoAcq_geoduckLS_60min_DrM27cm,"1:B,3",2
2017_July_10_bivalves_QC56,PRTC+BSA,C:\Xcalibur\Data\Collaborators\Nunn\Emma\data_378,C:\Xcalibur\Data\Collaborators\Nunn\Emma\methods\Vantage_nanoAcq_prtcbsa53_60min_DrM27cm,"1:A,6",3
2017_July_10_bivalves_285,blank,C:\Xcalibur\Data\Collaborators\Nunn\Emma\data_378,C:\Xcalibur\Data\Collaborators\Nunn\Emma\methods\Vantage_nanoAcq_blank_4min_DrM27cm,"1:A,5",3
2017_July_10_bivalves_D4-O,Dilution4-Oyster,C:\Xcalibur\Data\Collaborators\Nunn\Emma\data_378,C:\Xcalibur\Data\Collaborators\Nunn\Emma\methods\Vantage_nanoAcq_oysterYV_60min_DrM27cm,"1:B,4",2
2017_July_10_bivalves_D4-G,Dilution4-Geoduck,C:\Xcalibur\Data\Collaborators\Nunn\Emma\data_378,C:\Xcalibur\Data\Collaborators\Nunn\Emma\methods\Vantage_nanoAcq_geoduckLS_60min_DrM27cm,"1:B,4",2
2017_July_10_bivalves_D5-O,Dilution5-Oyster,C:\Xcalibur\Data\Collaborators\Nunn\Emma\data_378,C:\Xcalibur\Data\Collaborators\Nunn\Emma\methods\Vantage_nanoAcq_oysterYV_60min_DrM27cm,"1:B,5",2
2017_July_10_bivalves_D5-G,Dilution5-Geoduck,C:\Xcalibur\Data\Collaborators\Nunn\Emma\data_378,C:\Xcalibur\Data\Collaborators\Nunn\Emma\methods\Vantage_nanoAcq_geoduckLS_60min_DrM27cm,"1:B,5",2
2017_July_10_bivalves_D6-O,Dilution6-Oyster,C:\Xcalibur\Data\Collaborators\Nunn\Emma\data_378,C:\Xcalibur\Data\Collaborators\Nunn\Emma\methods\Vantage_nanoAcq_oysterYV_60min_DrM27cm,"1:B,6",2
2017_July_10_bivalves_D6-G,Dilution6-Geoduck,C:\Xcalibur\Data\Collaborators\Nunn\Emma\data_378,C:\Xcalibur\Data\Collaborators\Nunn\Emma\methods\Vantage_nanoAcq_geoduckLS_60min_DrM27cm,"1:B,6",2
2017_July_10_bivalves_D7-O,Dilution7-Oyster,C:\Xcalibur\Data\Collaborators\Nunn\Emma\data_378,C:\Xcalibur\Data\Collaborators\Nunn\Emma\methods\Vantage_nanoAcq_oysterYV_60min_DrM27cm,"1:B,7",2
2017_July_10_bivalves_D7-G,Dilution7-Geoduck,C:\Xcalibur\Data\Collaborators\Nunn\Emma\data_378,C:\Xcalibur\Data\Collaborators\Nunn\Emma\methods\Vantage_nanoAcq_geoduckLS_60min_DrM27cm,"1:B,7",2
2017_July_10_bivalves_D8-O,Dilution8-Oyster,C:\Xcalibur\Data\Collaborators\Nunn\Emma\data_378,C:\Xcalibur\Data\Collaborators\Nunn\Emma\methods\Vantage_nanoAcq_oysterYV_60min_DrM27cm,"1:B,8",1
2017_July_10_bivalves_D8-G,Dilution-8-Geoduck,C:\Xcalibur\Data\Collaborators\Nunn\Emma\data_378,C:\Xcalibur\Data\Collaborators\Nunn\Emma\methods\Vantage_nanoAcq_geoduckLS_60min_DrM27cm,"1:B,8",1
2017_July_10_bivalves_QC57,PRTC+BSA,C:\Xcalibur\Data\Collaborators\Nunn\Emma\data_378,C:\Xcalibur\Data\Collaborators\Nunn\Emma\methods\Vantage_nanoAcq_prtcbsa53_60min_DrM27cm,"1:A,6",3
2017_July_10_bivalves_286,blank,C:\Xcalibur\Data\Collaborators\Nunn\Emma\data_378,C:\Xcalibur\Data\Collaborators\Nunn\Emma\methods\Vantage_nanoAcq_blank_4min_DrM27cm,"1:A,5",3
,,,,,0
,,,,,0
,,,,,0
,,,,,0
,,,,,0
,,,,,0
,,,,,0
,,,,,0
,,,,,0
,,,,,0
2017_July_10_bivalves_287,G114-remake,C:\Xcalibur\Data\Collaborators\Nunn\Emma\data_378,C:\Xcalibur\Data\Collaborators\Nunn\Emma\methods\Vantage_nanoAcq_geoduckLS_60min_DrM27cm,"1:E,1",2
2017_July_10_bivalves_288,G053-remake,C:\Xcalibur\Data\Collaborators\Nunn\Emma\data_378,C:\Xcalibur\Data\Collaborators\Nunn\Emma\methods\Vantage_nanoAcq_geoduckLS_60min_DrM27cm,"1:E,2",2
2017_July_10_bivalves_289,G104-remake,C:\Xcalibur\Data\Collaborators\Nunn\Emma\data_378,C:\Xcalibur\Data\Collaborators\Nunn\Emma\methods\Vantage_nanoAcq_geoduckLS_60min_DrM27cm,"1:E,3",2
2017_July_10_bivalves_290,G127,C:\Xcalibur\Data\Collaborators\Nunn\Emma\data_378,C:\Xcalibur\Data\Collaborators\Nunn\Emma\methods\Vantage_nanoAcq_geoduckLS_60min_DrM27cm,"1:C,1",2
2017_July_10_bivalves_291,G002,C:\Xcalibur\Data\Collaborators\Nunn\Emma\data_378,C:\Xcalibur\Data\Collaborators\Nunn\Emma\methods\Vantage_nanoAcq_geoduckLS_60min_DrM27cm,"1:C,2",2
2017_July_10_bivalves_292,G128,C:\Xcalibur\Data\Collaborators\Nunn\Emma\data_378,C:\Xcalibur\Data\Collaborators\Nunn\Emma\methods\Vantage_nanoAcq_geoduckLS_60min_DrM27cm,"1:C,3",2
2017_July_10_bivalves_293,G016,C:\Xcalibur\Data\Collaborators\Nunn\Emma\data_378,C:\Xcalibur\Data\Collaborators\Nunn\Emma\methods\Vantage_nanoAcq_geoduckLS_60min_DrM27cm,"1:C,4",2
2017_July_10_bivalves_294,G012,C:\Xcalibur\Data\Collaborators\Nunn\Emma\data_378,C:\Xcalibur\Data\Collaborators\Nunn\Emma\methods\Vantage_nanoAcq_geoduckLS_60min_DrM27cm,"1:C,5",2
2017_July_10_bivalves_295,G109,C:\Xcalibur\Data\Collaborators\Nunn\Emma\data_378,C:\Xcalibur\Data\Collaborators\Nunn\Emma\methods\Vantage_nanoAcq_geoduckLS_60min_DrM27cm,"1:C,6",2
2017_July_10_bivalves_QC58,PRTC+BSA,C:\Xcalibur\Data\Collaborators\Nunn\Emma\data_378,C:\Xcalibur\Data\Collaborators\Nunn\Emma\methods\Vantage_nanoAcq_prtcbsa53_60min_DrM27cm,"1:A,6",3
2017_July_10_bivalves_296,blank,C:\Xcalibur\Data\Collaborators\Nunn\Emma\data_378,C:\Xcalibur\Data\Collaborators\Nunn\Emma\methods\Vantage_nanoAcq_blank_4min_DrM27cm,"1:A,5",3
2017_July_10_bivalves_297,G104-remake,C:\Xcalibur\Data\Collaborators\Nunn\Emma\data_378,C:\Xcalibur\Data\Collaborators\Nunn\Emma\methods\Vantage_nanoAcq_geoduckLS_60min_DrM27cm,"1:E,3",2
2017_July_10_bivalves_298,G053-remake,C:\Xcalibur\Data\Collaborators\Nunn\Emma\data_378,C:\Xcalibur\Data\Collaborators\Nunn\Emma\methods\Vantage_nanoAcq_geoduckLS_60min_DrM27cm,"1:E,2",2
2017_July_10_bivalves_299,G114-remake,C:\Xcalibur\Data\Collaborators\Nunn\Emma\data_378,C:\Xcalibur\Data\Collaborators\Nunn\Emma\methods\Vantage_nanoAcq_geoduckLS_60min_DrM27cm,"1:E,1",2
2017_July_10_bivalves_297,G003,C:\Xcalibur\Data\Collaborators\Nunn\Emma\data_378,C:\Xcalibur\Data\Collaborators\Nunn\Emma\methods\Vantage_nanoAcq_geoduckLS_60min_DrM27cm,"1:C,7",2
2017_July_10_bivalves_298,G055,C:\Xcalibur\Data\Collaborators\Nunn\Emma\data_378,C:\Xcalibur\Data\Collaborators\Nunn\Emma\methods\Vantage_nanoAcq_geoduckLS_60min_DrM27cm,"1:C,8",2
2017_July_10_bivalves_295,G042,C:\Xcalibur\Data\Collaborators\Nunn\Emma\data_378,C:\Xcalibur\Data\Collaborators\Nunn\Emma\methods\Vantage_nanoAcq_geoduckLS_60min_DrM27cm,"1:D,1",2
2017_July_10_bivalves_296,G073,C:\Xcalibur\Data\Collaborators\Nunn\Emma\data_378,C:\Xcalibur\Data\Collaborators\Nunn\Emma\methods\Vantage_nanoAcq_geoduckLS_60min_DrM27cm,"1:D,2",2
2017_July_10_bivalves_297,G057,C:\Xcalibur\Data\Collaborators\Nunn\Emma\data_378,C:\Xcalibur\Data\Collaborators\Nunn\Emma\methods\Vantage_nanoAcq_geoduckLS_60min_DrM27cm,"1:D,3",2
2017_July_10_bivalves_298,G070,C:\Xcalibur\Data\Collaborators\Nunn\Emma\data_378,C:\Xcalibur\Data\Collaborators\Nunn\Emma\methods\Vantage_nanoAcq_geoduckLS_60min_DrM27cm,"1:D,4",2
